Workbook

Sheet 得分变量数据
A1: 得分 城市 | B1: 城市分类 | C1: P | I1: I | N1: C | S1: O | AP1: 总分
C2: P1 | D2: P2 | E2: P3 | F2: P4 | G2: P（修正前） | H2: P（修正后） | I2: I1 | J2: I2 | K2: I3 | L2: I4 | M2: I | N2: C1 | O2: C2 | P2: C3 | Q2: C4 | R2: C | S2: O1-1 | T2: O1 | U2: O2-1 | V2: O2-2 | W2: O2-3 | X2: O2 | Y2: O3-1 | Z2: O3-2 | AA2: O3-3 | AB2: O3-4 | AC2: O3 | AD2: O4-1 | AE2: O4-2 | AF2: O4-3 | AG2: O4-4 | AH2: O4-5 | AI2: O4 | AJ2: O（修正前） | AK2: O（修正后） | AL2: A1 | AM2: A2 | AN2: A
A3: 重庆市 | B3: 1 | C3: 65 | D3: 80 | E3: 75 | F3: 100 | G3: =AVERAGE(C3:F3) -> 80 | H3: =G3*K值!M4 -> 82.798646 | I3: 50 | J3: 40 | K3: 75 | L3: 100 | M3: =AVERAGE(I3:L3) -> 66.25 | N3: 100 | O3: 65 | P3: 35 | Q3: 100 | R3: =AVERAGE(N3:Q3) -> 75 | S3: 29.893957 | T3: =AVERAGE(S3) -> 29.893957 | U3: 53.677206 | V3: 66.187362 | W3: 93.692572 | X3: =AVERAGE(U3:W3) -> 71.185713 | Y3: 100 | Z3: 79.57477 | AA3: 88.548738 | AB3: 62.631783 | AC3: =AVERAGE(Y3:AB3) -> 82.688823 | AD3: 69.306802 | AE3: 29.730186 | AF3: 28.691983 | AG3: 7.8595407 | AH3: 100 | AI3: =AVERAGE(AD3:AH3) -> 47.117702 | AJ3: =AVERAGE(T3,X3,AC3,AI3) -> 57.721549 | AK3: =AJ3*K值!M4 -> 59.740826 | AL3: 75 | AM3: 50 | AN3: =AVERAGE(AL3:AM3) -> 62.5 | AP3: =(H3*0.2)+(M3*0.2)+(R3*0.1)+(AK3*0.4)+(AN3*0.1) -> 67.45606
A4: 上海市 | B4: 1 | C4: 100 | D4: 80 | E4: 75 | F4: 100 | G4: =AVERAGE(C4:F4) -> 88.75 | H4: =G4*K值!M5 -> 85.494974 | I4: 50 | J4: 100 | K4: 100 | L4: 100 | M4: =AVERAGE(I4:L4) -> 87.5 | N4: 100 | O4: 65 | P4: 100 | Q4: 65 | R4: =AVERAGE(N4:Q4) -> 82.5 | S4: 0 | T4: 0 | U4: 0 | V4: 56.048488 | W4: 100 | X4: =AVERAGE(U4:W4) -> 52.016163 | Y4: 100 | Z4: 100 | AA4: 100 | AB4: 49.591985 | AC4: =AVERAGE(Y4:AB4) -> 87.397996 | AD4: 100 | AE4: 44.595279 | AF4: 64.556962 | AG4: 3.9297703 | AH4: 28.200754 | AI4: =AVERAGE(AD4:AH4) -> 48.256553 | AJ4: =AVERAGE(T4,X4,AC4,AI4) -> 46.917678 | AK4: =AJ4*K值!M5 -> 45.196909 | AL4: 50 | AM4: 50 | AN4: =AVERAGE(AL4:AM4) -> 50 | AP4: =(H4*0.2)+(M4*0.2)+(R4*0.1)+(AK4*0.4)+(AN4*0.1) -> 65.927758
A5: 北京市 | B5: 1 | C5: 100 | D5: 100 | E5: 75 | F5: 100 | G5: =AVERAGE(C5:F5) -> 93.75 | H5: =G5*K值!M6 -> 90.311592 | I5: 100 | J5: 80 | K5: 100 | L5: 100 | M5: =AVERAGE(I5:L5) -> 95 | N5: 100 | O5: 65 | P5: 100 | Q5: 100 | R5: =AVERAGE(N5:Q5) -> 91.25 | S5: 0 | T5: 0 | U5: 0 | V5: 70.874171 | W5: 100 | X5: =AVERAGE(U5:W5) -> 56.958057 | Y5: 100 | Z5: 100 | AA5: 100 | AB5: 25.230317 | AC5: =AVERAGE(Y5:AB5) -> 81.307579 | AD5: 100 | AE5: 59.460371 | AF5: 78.902954 | AG5: 78.595407 | AH5: 100 | AI5: =AVERAGE(AD5:AH5) -> 83.391746 | AJ5: =AVERAGE(T5,X5,AC5,AI5) -> 55.414346 | AK5: =AJ5*K值!M6 -> 53.38195 | AL5: 100 | AM5: 75 | AN5: =AVERAGE(AL5:AM5) -> 87.5 | AP5: =(H5*0.2)+(M5*0.2)+(R5*0.1)+(AK5*0.4)+(AN5*0.1) -> 76.290098
A6: 成都市 | B6: 1 | C6: 65 | D6: 80 | E6: 100 | F6: 100 | G6: =AVERAGE(C6:F6) -> 86.25 | H6: =G6*K值!M7 -> 85.313122 | I6: 100 | J6: 100 | K6: 25 | L6: 100 | M6: =AVERAGE(I6:L6) -> 81.25 | N6: 65 | O6: 65 | P6: 100 | Q6: 100 | R6: =AVERAGE(N6:Q6) -> 82.5 | S6: 12.585841 | T6: =AVERAGE(S6) -> 12.585841 | U6: 43.332601 | V6: 45.666821 | W6: 98.884875 | X6: =AVERAGE(U6:W6) -> 62.628099 | Y6: 100 | Z6: 100 | AA6: 100 | AB6: 36.957712 | AC6: =AVERAGE(Y6:AB6) -> 84.239428 | AD6: 100 | AE6: 29.730186 | AF6: 71.729958 | AG6: 23.578622 | AH6: 58.570796 | AI6: =AVERAGE(AD6:AH6) -> 56.721912 | AJ6: =AVERAGE(T6,X6,AC6,AI6) -> 54.04382 | AK6: =AJ6*K值!M7 -> 53.456777 | AL6: 100 | AM6: 75 | AN6: =AVERAGE(AL6:AM6) -> 87.5 | AP6: =(H6*0.2)+(M6*0.2)+(R6*0.1)+(AK6*0.4)+(AN6*0.1) -> 71.695335
A7: 广州市 | B7: 1 | C7: 65 | D7: 100 | E7: 100 | F7: 60 | G7: =AVERAGE(C7:F7) -> 81.25 | H7: =G7*K值!M8 -> 78.270046 | I7: 40 | J7: 80 | K7: 50 | L7: 100 | M7: =AVERAGE(I7:L7) -> 67.5 | N7: 100 | O7: 100 | P7: 65 | Q7: 65 | R7: =AVERAGE(N7:Q7) -> 82.5 | S7: 35.658579 | T7: =AVERAGE(S7) -> 35.658579 | U7: 24.789606 | V7: 11.497678 | W7: 90.13811 | X7: =AVERAGE(U7:W7) -> 42.141798 | Y7: 100 | Z7: 100 | AA7: 100 | AB7: 6.1190239 | AC7: =AVERAGE(Y7:AB7) -> 76.529756 | AD7: 100 | AE7: 44.595279 | AF7: 60.337553 | AG7: 31.438163 | AH7: 100 | AI7: =AVERAGE(AD7:AH7) -> 67.274199 | AJ7: =AVERAGE(T7,X7,AC7,AI7) -> 55.401083 | AK7: =AJ7*K值!M8 -> 53.369174 | AL7: 75 | AM7: 50 | AN7: =AVERAGE(AL7:AM7) -> 62.5 | AP7: =(H7*0.2)+(M7*0.2)+(R7*0.1)+(AK7*0.4)+(AN7*0.1) -> 65.001679
A8: 深圳市 | B8: 1 | C8: 65 | D8: 100 | E8: 100 | F8: 100 | G8: =AVERAGE(C8:F8) -> 91.25 | H8: =G8*K值!M9 -> 87.903283 | I8: 75 | J8: 60 | K8: 100 | L8: 100 | M8: =AVERAGE(I8:L8) -> 83.75 | N8: 100 | O8: 100 | P8: 65 | Q8: 100 | R8: =AVERAGE(N8:Q8) -> 91.25 | S8: 28.817784 | T8: =AVERAGE(S8) -> 28.817784 | U8: 7.1576082 | V8: 62.938865 | W8: 100 | X8: =AVERAGE(U8:W8) -> 56.698824 | Y8: 100 | Z8: 100 | AA8: 100 | AB8: 29.526031 | AC8: =AVERAGE(Y8:AB8) -> 82.381508 | AD8: 100 | AE8: 29.730186 | AF8: 13.50211 | AG8: 27.508392 | AH8: 19.523599 | AI8: =AVERAGE(AD8:AH8) -> 38.052857 | AJ8: =AVERAGE(T8,X8,AC8,AI8) -> 51.487743 | AK8: =AJ8*K值!M9 -> 49.599361 | AL8: 75 | AM8: 50 | AN8: =AVERAGE(AL8:AM8) -> 62.5 | AP8: =(H8*0.2)+(M8*0.2)+(R8*0.1)+(AK8*0.4)+(AN8*0.1) -> 69.545401
A9: 天津市 | B9: 1 | C9: 100 | D9: 100 | E9: 100 | F9: 100 | G9: =AVERAGE(C9:F9) -> 100 | H9: =G9*K值!M10 -> 97.517554 | I9: 40 | J9: 60 | K9: 75 | L9: 100 | M9: =AVERAGE(I9:L9) -> 68.75 | N9: 100 | O9: 100 | P9: 35 | Q9: 100 | R9: =AVERAGE(N9:Q9) -> 83.75 | S9: 18.411993 | T9: =AVERAGE(S9) -> 18.411993 | U9: 34.633484 | V9: 83.336473 | W9: 100 | X9: =AVERAGE(U9:W9) -> 72.656652 | Y9: 75.187882 | Z9: 33.654281 | AA9: 100 | AB9: 43.131436 | AC9: =AVERAGE(Y9:AB9) -> 62.9934 | AD9: 100 | AE9: 29.730186 | AF9: 0 | AG9: 7.8595407 | AH9: 100 | AI9: =AVERAGE(AD9:AH9) -> 47.517945 | AJ9: =AVERAGE(T9,X9,AC9,AI9) -> 50.394998 | AK9: =AJ9*K值!M10 -> 49.143969 | AL9: 50 | AM9: 50 | AN9: =AVERAGE(AL9:AM9) -> 50 | AP9: =(H9*0.2)+(M9*0.2)+(R9*0.1)+(AK9*0.4)+(AN9*0.1) -> 66.286098
A10: 苏州市 | B10: 2 | C10: 65 | D10: 100 | E10: 100 | F10: 100 | G10: =AVERAGE(C10:F10) -> 91.25 | H10: =G10*K值!M11 -> 91.039945 | I10: 0 | J10: 40 | K10: 25 | L10: 25 | M10: =AVERAGE(I10:L10) -> 22.5 | N10: 35 | O10: 35 | P10: 35 | Q10: 65 | R10: =AVERAGE(N10:Q10) -> 42.5 | S10: 47.774271 | T10: =AVERAGE(S10) -> 47.774271 | U10: 33.284645 | V10: 48.826192 | W10: 100 | X10: =AVERAGE(U10:W10) -> 60.703612 | Y10: 38.471041 | Z10: 29.261628 | AA10: 100 | AB10: 20.313181 | AC10: =AVERAGE(Y10:AB10) -> 47.011462 | AD10: 64.809596 | AE10: 0 | AF10: 59.07173 | AG10: 19.648852 | AH10: 28.200754 | AI10: =AVERAGE(AD10:AH10) -> 34.346186 | AJ10: =AVERAGE(T10,X10,AC10,AI10) -> 47.458883 | AK10: =AJ10*K值!M11 -> 47.349634 | AL10: 25 | AM10: 50 | AN10: =AVERAGE(AL10:AM10) -> 37.5 | AP10: =(H10*0.2)+(M10*0.2)+(R10*0.1)+(AK10*0.4)+(AN10*0.1) -> 49.647843
A11: 郑州市 | B11: 1 | C11: 65 | D11: 60 | E11: 100 | F11: 60 | G11: =AVERAGE(C11:F11) -> 71.25 | H11: =G11*K值!M12 -> 68.85107 | I11: 20 | J11: 40 | K11: 25 | L11: 100 | M11: =AVERAGE(I11:L11) -> 46.25 | N11: 35 | O11: 35 | P11: 65 | Q11: 100 | R11: =AVERAGE(N11:Q11) -> 58.75 | S11: 41.240027 | T11: =AVERAGE(S11) -> 41.240027 | U11: 28.035691 | V11: 77.368091 | W11: 83.064034 | X11: =AVERAGE(U11:W11) -> 62.822605 | Y11: 67.941846 | Z11: 31.630585 | AA11: 82.325584 | AB11: 28.076987 | AC11: =AVERAGE(Y11:AB11) -> 52.49375 | AD11: 80.856269 | AE11: 29.730186 | AF11: 62.447257 | AG11: 19.648852 | AH11: 99.787282 | AI11: =AVERAGE(AD11:AH11) -> 58.493969 | AJ11: =AVERAGE(T11,X11,AC11,AI11) -> 53.762588 | AK11: =AJ11*K值!M12 -> 51.952445 | AL11: 75 | AM11: 50 | AN11: =AVERAGE(AL11:AM11) -> 62.5 | AP11: =(H11*0.2)+(M11*0.2)+(R11*0.1)+(AK11*0.4)+(AN11*0.1) -> 55.926192
A12: 武汉市 | B12: 1 | C12: 100 | D12: 80 | E12: 75 | F12: 75 | G12: =AVERAGE(C12:F12) -> 82.5 | H12: =G12*K值!M13 -> 79.474201 | I12: 25 | J12: 100 | K12: 25 | L12: 100 | M12: =AVERAGE(I12:L12) -> 62.5 | N12: 35 | O12: 65 | P12: 100 | Q12: 100 | R12: =AVERAGE(N12:Q12) -> 75 | S12: 7.2682031 | T12: =AVERAGE(S12) -> 7.2682031 | U12: 0 | V12: 60.65539 | W12: 97.804597 | X12: =AVERAGE(U12:W12) -> 52.819996 | Y12: 71.749355 | Z12: 73.475394 | AA12: 67.70492 | AB12: 62.098079 | AC12: =AVERAGE(Y12:AB12) -> 68.756937 | AD12: 57.40041 | AE12: 0 | AF12: 15.611814 | AG12: 7.8595407 | AH12: 6.5078662 | AI12: =AVERAGE(AD12:AH12) -> 17.475926 | AJ12: =AVERAGE(T12,X12,AC12,AI12) -> 36.580266 | AK12: =AJ12*K值!M13 -> 35.238635 | AL12: 100 | AM12: 75 | AN12: =AVERAGE(AL12:AM12) -> 87.5 | AP12: =(H12*0.2)+(M12*0.2)+(R12*0.1)+(AK12*0.4)+(AN12*0.1) -> 58.740294
A13: 西安市 | B13: 1 | C13: 100 | D13: 60 | E13: 75 | F13: 75 | G13: =AVERAGE(C13:F13) -> 77.5 | H13: =G13*K值!M14 -> 74.657583 | I13: 20 | J13: 40 | K13: 25 | L13: 100 | M13: =AVERAGE(I13:L13) -> 46.25 | N13: 100 | O13: 100 | P13: 100 | Q13: 65 | R13: =AVERAGE(N13:Q13) -> 91.25 | S13: 16.341251 | T13: =AVERAGE(S13) -> 16.341251 | U13: 30.539888 | V13: 67.579575 | W13: 99.965152 | X13: =AVERAGE(U13:W13) -> 66.028205 | Y13: 98.882453 | Z13: 74.202909 | AA13: 74.527896 | AB13: 40.296323 | AC13: =AVERAGE(Y13:AB13) -> 71.977396 | AD13: 56.369324 | AE13: 14.865093 | AF13: 17.299578 | AG13: 7.8595407 | AH13: 47.724352 | AI13: =AVERAGE(AD13:AH13) -> 28.823578 | AJ13: =AVERAGE(T13,X13,AC13,AI13) -> 45.792607 | AK13: =AJ13*K值!M14 -> 44.113102 | AL13: 50 | AM13: 50 | AN13: =AVERAGE(AL13:AM13) -> 50 | AP13: =(H13*0.2)+(M13*0.2)+(R13*0.1)+(AK13*0.4)+(AN13*0.1) -> 55.951757
A14: 杭州市 | B14: 1 | C14: 65 | D14: 100 | E14: 100 | F14: 100 | G14: =AVERAGE(C14:F14) -> 91.25 | H14: =G14*K值!M15 -> 89.365719 | I14: 75 | J14: 80 | K14: 100 | L14: 100 | M14: =AVERAGE(I14:L14) -> 88.75 | N14: 100 | O14: 35 | P14: 100 | Q14: 100 | R14: =AVERAGE(N14:Q14) -> 83.75 | S14: 28.374403 | T14: =AVERAGE(S14) -> 28.374403 | U14: 17.084416 | V14: 57.434554 | W14: 100 | X14: =AVERAGE(U14:W14) -> 58.17299 | Y14: 80.227376 | Z14: 65.032448 | AA14: 94.397003 | AB14: 23.255857 | AC14: =AVERAGE(Y14:AB14) -> 65.728171 | AD14: 100 | AE14: 29.730186 | AF14: 73.417722 | AG14: 23.578622 | AH14: 91.110127 | AI14: =AVERAGE(AD14:AH14) -> 63.567331 | AJ14: =AVERAGE(T14,X14,AC14,AI14) -> 53.960724 | AK14: =AJ14*K值!M15 -> 52.846454 | AL14: 100 | AM14: 50 | AN14: =AVERAGE(AL14:AM14) -> 75 | AP14: =(H14*0.2)+(M14*0.2)+(R14*0.1)+(AK14*0.4)+(AN14*0.1) -> 72.636725
A15: 保定市 | B15: 2 | C15: 65 | D15: 80 | E15: 60 | F15: 60 | G15: =AVERAGE(C15:F15) -> 66.25 | H15: =G15*K值!M16 -> 69.495406 | I15: 25 | J15: 0 | K15: 25 | L15: 0 | M15: =AVERAGE(I15:L15) -> 12.5 | N15: 65 | O15: 0 | P15: 65 | Q15: 0 | R15: =AVERAGE(N15:Q15) -> 32.5 | S15: 70.776254 | T15: =AVERAGE(S15) -> 70.776254 | U15: 67.42362 | V15: 85.601508 | W15: 93.657725 | X15: =AVERAGE(U15:W15) -> 82.227618 | Y15: 5.7419098 | Z15: 0.72388836 | AA15: 21.593596 | AB15: 60.537657 | AC15: =AVERAGE(Y15:AB15) -> 22.149263 | AD15: 16.703643 | AE15: 29.730186 | AF15: 51.054852 | AG15: 23.578622 | AH15: 26.031465 | AI15: =AVERAGE(AD15:AH15) -> 29.419754 | AJ15: =AVERAGE(T15,X15,AC15,AI15) -> 51.143222 | AK15: =AJ15*K值!M16 -> 53.648589 | AL15: 50 | AM15: 0 | AN15: =AVERAGE(AL15:AM15) -> 25 | AP15: =(H15*0.2)+(M15*0.2)+(R15*0.1)+(AK15*0.4)+(AN15*0.1) -> 43.608517
A16: 石家庄市 | B16: 2 | C16: 100 | D16: 80 | E16: 100 | F16: 100 | G16: =AVERAGE(C16:F16) -> 95 | H16: =G16*K值!M17 -> 95.219699 | I16: 40 | J16: 40 | K16: 75 | L16: 100 | M16: =AVERAGE(I16:L16) -> 63.75 | N16: 65 | O16: 65 | P16: 100 | Q16: 35 | R16: =AVERAGE(N16:Q16) -> 66.25 | S16: 61.457721 | T16: =AVERAGE(S16) -> 61.457721 | U16: 67.604633 | V16: 80.853233 | W16: 100 | X16: =AVERAGE(U16:W16) -> 82.819288 | Y16: 21.697652 | Z16: 6.6731192 | AA16: 30.665905 | AB16: 41.211619 | AC16: =AVERAGE(Y16:AB16) -> 25.062074 | AD16: 32.366199 | AE16: 0 | AF16: 0.42194093 | AG16: 3.9297703 | AH16: 23.862176 | AI16: =AVERAGE(AD16:AH16) -> 12.116017 | AJ16: =AVERAGE(T16,X16,AC16,AI16) -> 45.363775 | AK16: =AJ16*K值!M17 -> 45.468684 | AL16: 50 | AM16: 50 | AN16: =AVERAGE(AL16:AM16) -> 50 | AP16: =(H16*0.2)+(M16*0.2)+(R16*0.1)+(AK16*0.4)+(AN16*0.1) -> 61.606413
A17: 临沂市 | B17: 2 | C17: 65 | D17: 100 | E17: 75 | F17: 100 | G17: =AVERAGE(C17:F17) -> 85 | H17: =G17*K值!M18 -> 89.671975 | I17: 0 | J17: 60 | K17: 25 | L17: 25 | M17: =AVERAGE(I17:L17) -> 27.5 | N17: 65 | O17: 100 | P17: 100 | Q17: 100 | R17: =AVERAGE(N17:Q17) -> 91.25 | S17: 77.196442 | T17: =AVERAGE(S17) -> 77.196442 | U17: 70.406937 | V17: 83.413306 | W17: 88.116946 | X17: =AVERAGE(U17:W17) -> 80.64573 | Y17: 5.7443615 | Z17: NA | AA17: 32.465371 | AB17: 18.575661 | AC17: =AVERAGE(Y17:AB17) -> 18.928465 | AD17: 24.328797 | AE17: 59.460371 | AF17: 100 | AG17: 0 | AH17: 49.893641 | AI17: =AVERAGE(AD17:AH17) -> 46.736562 | AJ17: =AVERAGE(T17,X17,AC17,AI17) -> 55.876799 | AK17: =AJ17*K值!M18 -> 58.948035 | AL17: 50 | AM17: 0 | AN17: =AVERAGE(AL17:AM17) -> 25 | AP17: =(H17*0.2)+(M17*0.2)+(R17*0.1)+(AK17*0.4)+(AN17*0.1) -> 58.638609
A18: 东莞市 | B18: 1 | C18: 65 | D18: 100 | E18: 100 | F18: 75 | G18: =AVERAGE(C18:F18) -> 85 | H18: =G18*K值!M19 -> 85.633561 | I18: 25 | J18: 60 | K18: 25 | L18: 25 | M18: =AVERAGE(I18:L18) -> 33.75 | N18: 35 | O18: 35 | P18: 100 | Q18: 35 | R18: =AVERAGE(N18:Q18) -> 51.25 | S18: 56.901491 | T18: =AVERAGE(S18) -> 56.901491 | U18: 41.230947 | V18: 59.167905 | W18: 95.400108 | X18: =AVERAGE(U18:W18) -> 65.26632 | Y18: NA | Z18: NA | AA18: 38.763503 | AB18: 100 | AC18: =AVERAGE(Y18:AB18) -> 69.381752 | AD18: 39.910092 | AE18: 14.865093 | AF18: 54.43038 | AG18: 58.946555 | AH18: 43.385775 | AI18: =AVERAGE(AD18:AH18) -> 42.307579 | AJ18: =AVERAGE(T18,X18,AC18,AI18) -> 58.464285 | AK18: =AJ18*K值!M19 -> 58.900058 | AL18: 50 | AM18: 50 | AN18: =AVERAGE(AL18:AM18) -> 50 | AP18: =(H18*0.2)+(M18*0.2)+(R18*0.1)+(AK18*0.4)+(AN18*0.1) -> 57.561735
A19: 青岛市 | B19: 1 | C19: 100 | D19: 60 | E19: 45 | F19: 100 | G19: =AVERAGE(C19:F19) -> 76.25 | H19: =G19*K值!M20 -> 75.667531 | I19: 50 | J19: 40 | K19: 75 | L19: 100 | M19: =AVERAGE(I19:L19) -> 66.25 | N19: 65 | O19: 65 | P19: 100 | Q19: 65 | R19: =AVERAGE(N19:Q19) -> 73.75 | S19: 47.875258 | T19: =AVERAGE(S19) -> 47.875258 | U19: 42.952236 | V19: 76.593615 | W19: 100 | X19: =AVERAGE(U19:W19) -> 73.18195 | Y19: 79.629158 | Z19: 17.976803 | AA19: 63.131276 | AB19: 38.30262 | AC19: =AVERAGE(Y19:AB19) -> 49.759964 | AD19: 47.395851 | AE19: 0 | AF19: 2.1097046 | AG19: 0 | AH19: 0 | AI19: =AVERAGE(AD19:AH19) -> 9.9011112 | AJ19: =AVERAGE(T19,X19,AC19,AI19) -> 45.179571 | AK19: =AJ19*K值!M20 -> 44.834447 | AL19: 100 | AM19: 25 | AN19: =AVERAGE(AL19:AM19) -> 62.5 | AP19: =(H19*0.2)+(M19*0.2)+(R19*0.1)+(AK19*0.4)+(AN19*0.1) -> 59.942285
A20: 长沙市 | B20: 1 | C20: 65 | D20: 80 | E20: 100 | F20: 75 | G20: =AVERAGE(C20:F20) -> 80 | H20: =G20*K值!M21 -> 77.568494 | I20: 50 | J20: 100 | K20: 50 | L20: 50 | M20: =AVERAGE(I20:L20) -> 62.5 | N20: 0 | O20: 65 | P20: 35 | Q20: 35 | R20: =AVERAGE(N20:Q20) -> 33.75 | S20: 28.900806 | T20: =AVERAGE(S20) -> 28.900806 | U20: 16.632256 | V20: 51.945609 | W20: 98.606093 | X20: =AVERAGE(U20:W20) -> 55.727986 | Y20: 50.631533 | Z20: 42.641232 | AA20: 57.208033 | AB20: 36.580028 | AC20: =AVERAGE(Y20:AB20) -> 46.765206 | AD20: 50.456602 | AE20: 29.730186 | AF20: 58.649789 | AG20: 0 | AH20: 56.401507 | AI20: =AVERAGE(AD20:AH20) -> 39.047617 | AJ20: =AVERAGE(T20,X20,AC20,AI20) -> 42.610404 | AK20: =AJ20*K值!M21 -> 41.31531 | AL20: 75 | AM20: 50 | AN20: =AVERAGE(AL20:AM20) -> 62.5 | AP20: =(H20*0.2)+(M20*0.2)+(R20*0.1)+(AK20*0.4)+(AN20*0.1) -> 54.164823
A21: 哈尔滨市 | B21: 1 | C21: 65 | D21: 40 | E21: 60 | F21: 60 | G21: =AVERAGE(C21:F21) -> 56.25 | H21: =G21*K值!M22 -> 56.403941 | I21: 0 | J21: 100 | K21: 25 | L21: 75 | M21: =AVERAGE(I21:L21) -> 50 | N21: 35 | O21: 35 | P21: 35 | Q21: 65 | R21: =AVERAGE(N21:Q21) -> 42.5 | S21: 64.466033 | T21: =AVERAGE(S21) -> 64.466033 | U21: 55.219808 | V21: 77.746109 | W21: 100 | X21: =AVERAGE(U21:W21) -> 77.655305 | Y21: 59.35595 | Z21: 5.2492787 | AA21: 11.021731 | AB21: 46.681283 | AC21: =AVERAGE(Y21:AB21) -> 30.577061 | AD21: 5.2813815 | AE21: 0 | AF21: 64.556962 | AG21: 74.665636 | AH21: 21.692887 | AI21: =AVERAGE(AD21:AH21) -> 33.239373 | AJ21: =AVERAGE(T21,X21,AC21,AI21) -> 51.484443 | AK21: =AJ21*K值!M22 -> 51.625342 | AL21: 25 | AM21: 0 | AN21: =AVERAGE(AL21:AM21) -> 12.5 | AP21: =(H21*0.2)+(M21*0.2)+(R21*0.1)+(AK21*0.4)+(AN21*0.1) -> 47.430925
A22: 南阳市 | B22: 3 | C22: 65 | D22: 100 | E22: 75 | F22: 60 | G22: =AVERAGE(C22:F22) -> 75 | H22: =G22*K值!M23 -> 79.122331 | I22: 50 | J22: 60 | K22: 25 | L22: 50 | M22: =AVERAGE(I22:L22) -> 46.25 | N22: 100 | O22: 35 | P22: 100 | Q22: 65 | R22: =AVERAGE(N22:Q22) -> 75 | S22: 80.861601 | T22: =AVERAGE(S22) -> 80.861601 | U22: 68.072339 | V22: 92.261387 | W22: 100 | X22: =AVERAGE(U22:W22) -> 86.777909 | Y22: 10.289836 | Z22: 2.6371732 | AA22: 5.998221 | AB22: 57.885452 | AC22: =AVERAGE(Y22:AB22) -> 19.20267 | AD22: 11.786063 | AE22: 59.460371 | AF22: 78.481013 | AG22: 58.946555 | AH22: 65.078662 | AI22: =AVERAGE(AD22:AH22) -> 54.750533 | AJ22: =AVERAGE(T22,X22,AC22,AI22) -> 60.398178 | AK22: =AJ22*K值!M23 -> 63.717929 | AL22: 75 | AM22: 0 | AN22: =AVERAGE(AL22:AM22) -> 37.5 | AP22: =(H22*0.2)+(M22*0.2)+(R22*0.1)+(AK22*0.4)+(AN22*0.1) -> 61.811638
A23: 温州市 | B23: 2 | C23: 100 | D23: 100 | E23: 75 | F23: 100 | G23: =AVERAGE(C23:F23) -> 93.75 | H23: =G23*K值!M24 -> 98.902914 | I23: 50 | J23: 60 | K23: 75 | L23: 50 | M23: =AVERAGE(I23:L23) -> 58.75 | N23: 100 | O23: 35 | P23: 100 | Q23: 100 | R23: =AVERAGE(N23:Q23) -> 83.75 | S23: 63.227959 | T23: =AVERAGE(S23) -> 63.227959 | U23: 37.378927 | V23: 51.586031 | W23: 100 | X23: =AVERAGE(U23:W23) -> 62.988319 | Y23: 19.288845 | Z23: 1.425799 | AA23: 37.788792 | AB23: 32.526406 | AC23: =AVERAGE(Y23:AB23) -> 22.757461 | AD23: 50.370965 | AE23: 0 | AF23: 61.181435 | AG23: 19.648852 | AH23: 34.70862 | AI23: =AVERAGE(AD23:AH23) -> 33.181974 | AJ23: =AVERAGE(T23,X23,AC23,AI23) -> 45.538928 | AK23: =AJ23*K值!M24 -> 48.041949 | AL23: 75 | AM23: 0 | AN23: =AVERAGE(AL23:AM23) -> 37.5 | AP23: =(H23*0.2)+(M23*0.2)+(R23*0.1)+(AK23*0.4)+(AN23*0.1) -> 62.872362
A24: 佛山市 | B24: 1 | C24: 65 | D24: 80 | E24: 100 | F24: 60 | G24: =AVERAGE(C24:F24) -> 76.25 | H24: =G24*K值!M25 -> 76.686709 | I24: 0 | J24: 0 | K24: 25 | L24: 25 | M24: =AVERAGE(I24:L24) -> 12.5 | N24: 0 | O24: 65 | P24: 35 | Q24: 0 | R24: =AVERAGE(N24:Q24) -> 25 | S24: 52.726418 | T24: =AVERAGE(S24) -> 52.726418 | U24: 36.808146 | V24: 9.5369019 | W24: 74.596051 | X24: =AVERAGE(U24:W24) -> 40.3137 | Y24: 39.468888 | Z24: NA | AA24: 64.330921 | AB24: 36.100958 | AC24: =AVERAGE(Y24:AB24) -> 46.633589 | AD24: 41.527511 | AE24: 0 | AF24: 65.822785 | AG24: 15.719081 | AH24: 75.925106 | AI24: =AVERAGE(AD24:AH24) -> 39.798897 | AJ24: =AVERAGE(T24,X24,AC24,AI24) -> 44.868151 | AK24: =AJ24*K值!M25 -> 45.125126 | AL24: 0 | AM24: 0 | AN24: =AVERAGE(AL24:AM24) -> 0 | AP24: =(H24*0.2)+(M24*0.2)+(R24*0.1)+(AK24*0.4)+(AN24*0.1) -> 38.387392
A25: 邯郸市 | B25: 2 | C25: 65 | D25: 80 | E25: 60 | F25: 60 | G25: =AVERAGE(C25:F25) -> 66.25 | H25: =G25*K值!M26 -> 69.891393 | I25: 25 | J25: 40 | K25: 25 | L25: 25 | M25: =AVERAGE(I25:L25) -> 28.75 | N25: 0 | O25: 35 | P25: 35 | Q25: 35 | R25: =AVERAGE(N25:Q25) -> 26.25 | S25: 69.290207 | T25: =AVERAGE(S25) -> 69.290207 | U25: 76.562801 | V25: 85.441695 | W25: 100 | X25: =AVERAGE(U25:W25) -> 87.334832 | Y25: 7.5721129 | Z25: 5.202857 | AA25: 12.671242 | AB25: 58.585428 | AC25: =AVERAGE(Y25:AB25) -> 21.00791 | AD25: 15.489094 | AE25: 0 | AF25: 0.42194093 | AG25: 3.9297703 | AH25: 0 | AI25: =AVERAGE(AD25:AH25) -> 3.968161 | AJ25: =AVERAGE(T25,X25,AC25,AI25) -> 45.400277 | AK25: =AJ25*K值!M26 -> 47.895677 | AL25: 25 | AM25: 0 | AN25: =AVERAGE(AL25:AM25) -> 12.5 | AP25: =(H25*0.2)+(M25*0.2)+(R25*0.1)+(AK25*0.4)+(AN25*0.1) -> 42.761549
A26: 宁波市 | B26: 2 | C26: 100 | D26: 100 | E26: 100 | F26: 100 | G26: =AVERAGE(C26:F26) -> 100 | H26: =G26*K值!M27 -> 102.40521 | I26: 75 | J26: 60 | K26: 50 | L26: 75 | M26: =AVERAGE(I26:L26) -> 65 | N26: 100 | O26: 65 | P26: 100 | Q26: 65 | R26: =AVERAGE(N26:Q26) -> 82.5 | S26: 50.14182 | T26: =AVERAGE(S26) -> 50.14182 | U26: 42.312526 | V26: 45.113624 | W26: 100 | X26: =AVERAGE(U26:W26) -> 62.475383 | Y26: 32.628611 | Z26: 18.751465 | AA26: 62.081588 | AB26: 41.43578 | AC26: =AVERAGE(Y26:AB26) -> 38.724361 | AD26: 46.713254 | AE26: 89.190557 | AF26: 10.548523 | AG26: 23.578622 | AH26: 56.401507 | AI26: =AVERAGE(AD26:AH26) -> 45.286493 | AJ26: =AVERAGE(T26,X26,AC26,AI26) -> 49.157014 | AK26: =AJ26*K值!M27 -> 50.339346 | AL26: 75 | AM26: 50 | AN26: =AVERAGE(AL26:AM26) -> 62.5 | AP26: =(H26*0.2)+(M26*0.2)+(R26*0.1)+(AK26*0.4)+(AN26*0.1) -> 68.116781
A27: 潍坊市 | B27: 2 | C27: 65 | D27: 100 | E27: 100 | F27: 100 | G27: =AVERAGE(C27:F27) -> 91.25 | H27: =G27*K值!M28 -> 93.872896 | I27: 50 | J27: 60 | K27: 25 | L27: 100 | M27: =AVERAGE(I27:L27) -> 58.75 | N27: 65 | O27: 35 | P27: 65 | Q27: 65 | R27: =AVERAGE(N27:Q27) -> 57.5 | S27: 70.919495 | T27: =AVERAGE(S27) -> 70.919495 | U27: 57.045445 | V27: 87.052114 | W27: 100 | X27: =AVERAGE(U27:W27) -> 81.365853 | Y27: 8.5613787 | Z27: 6.1769873 | AA27: 26.692084 | AB27: 43.508656 | AC27: =AVERAGE(Y27:AB27) -> 21.234776 | AD27: 18.647359 | AE27: 0 | AF27: 62.869198 | AG27: 19.648852 | AH27: 23.862176 | AI27: =AVERAGE(AD27:AH27) -> 25.005517 | AJ27: =AVERAGE(T27,X27,AC27,AI27) -> 49.63141 | AK27: =AJ27*K值!M28 -> 51.058019 | AL27: 50 | AM27: 50 | AN27: =AVERAGE(AL27:AM27) -> 50 | AP27: =(H27*0.2)+(M27*0.2)+(R27*0.1)+(AK27*0.4)+(AN27*0.1) -> 61.697787
A28: 合肥市 | B28: 2 | C28: 65 | D28: 80 | E28: 75 | F28: 45 | G28: =AVERAGE(C28:F28) -> 66.25 | H28: =G28*K值!M29 -> 65.851839 | I28: 20 | J28: 40 | K28: 50 | L28: 75 | M28: =AVERAGE(I28:L28) -> 46.25 | N28: 65 | O28: 35 | P28: 65 | Q28: 35 | R28: =AVERAGE(N28:Q28) -> 50 | S28: 40.867702 | T28: =AVERAGE(S28) -> 40.867702 | U28: 40.80938 | V28: 62.213562 | W28: 100 | X28: =AVERAGE(U28:W28) -> 67.674314 | Y28: 39.619668 | Z28: 19.638555 | AA28: 33.140171 | AB28: 30.382979 | AC28: =AVERAGE(Y28:AB28) -> 30.695343 | AD28: 36.181745 | AE28: 0 | AF28: 65.400844 | AG28: 19.648852 | AH28: 23.862176 | AI28: =AVERAGE(AD28:AH28) -> 29.018723 | AJ28: =AVERAGE(T28,X28,AC28,AI28) -> 42.064021 | AK28: =AJ28*K值!M29 -> 41.811216 | AL28: 75 | AM28: 0 | AN28: =AVERAGE(AL28:AM28) -> 37.5 | AP28: =(H28*0.2)+(M28*0.2)+(R28*0.1)+(AK28*0.4)+(AN28*0.1) -> 47.894854
A29: 南京市 | B29: 1 | C29: 100 | D29: 60 | E29: 60 | F29: 75 | G29: =AVERAGE(C29:F29) -> 73.75 | H29: =G29*K值!M30 -> 71.045119 | I29: 20 | J29: 40 | K29: 75 | L29: 100 | M29: =AVERAGE(I29:L29) -> 58.75 | N29: 65 | O29: 65 | P29: 65 | Q29: 100 | R29: =AVERAGE(N29:Q29) -> 73.75 | S29: 8.7235119 | T29: =AVERAGE(S29) -> 8.7235119 | U29: 8.406633 | V29: 21.873198 | W29: 98.884875 | X29: =AVERAGE(U29:W29) -> 43.054902 | Y29: 66.24281 | Z29: 63.919052 | AA29: 68.529675 | AB29: 13.681962 | AC29: =AVERAGE(Y29:AB29) -> 53.093375 | AD29: 47.35022 | AE29: 0 | AF29: 70.042194 | AG29: 11.789311 | AH29: 84.602261 | AI29: =AVERAGE(AD29:AH29) -> 42.756797 | AJ29: =AVERAGE(T29,X29,AC29,AI29) -> 36.907146 | AK29: =AJ29*K值!M30 -> 35.553527 | AL29: 75 | AM29: 75 | AN29: =AVERAGE(AL29:AM29) -> 75 | AP29: =(H29*0.2)+(M29*0.2)+(R29*0.1)+(AK29*0.4)+(AN29*0.1) -> 55.055435
A30: 济南市 | B30: 1 | C30: 65 | D30: 80 | E30: 45 | F30: 100 | G30: =AVERAGE(C30:F30) -> 72.5 | H30: =G30*K值!M31 -> 71.625689 | I30: 50 | J30: 60 | K30: 25 | L30: 50 | M30: =AVERAGE(I30:L30) -> 46.25 | N30: 100 | O30: 35 | P30: 100 | Q30: 65 | R30: =AVERAGE(N30:Q30) -> 75 | S30: 20.690406 | T30: =AVERAGE(S30) -> 20.690406 | U30: 48.057092 | V30: 77.401897 | W30: 100 | X30: =AVERAGE(U30:W30) -> 75.152996 | Y30: 64.370928 | Z30: 3.9483323 | AA30: 29.916127 | AB30: 33.362747 | AC30: =AVERAGE(Y30:AB30) -> 32.899534 | AD30: 31.754236 | AE30: 0 | AF30: 69.198312 | AG30: 15.719081 | AH30: 39.047197 | AI30: =AVERAGE(AD30:AH30) -> 31.143765 | AJ30: =AVERAGE(T30,X30,AC30,AI30) -> 39.971675 | AK30: =AJ30*K值!M31 -> 39.489639 | AL30: 75 | AM30: 0 | AN30: =AVERAGE(AL30:AM30) -> 37.5 | AP30: =(H30*0.2)+(M30*0.2)+(R30*0.1)+(AK30*0.4)+(AN30*0.1) -> 50.620993
A31: 徐州市 | B31: 2 | C31: 65 | D31: 80 | E31: 60 | F31: 60 | G31: =AVERAGE(C31:F31) -> 66.25 | H31: =G31*K值!M32 -> 69.495406 | I31: 0 | J31: 60 | K31: 25 | L31: 0 | M31: =AVERAGE(I31:L31) -> 21.25 | N31: 65 | O31: 0 | P31: 65 | Q31: 65 | R31: =AVERAGE(N31:Q31) -> 48.75 | S31: 72.034827 | T31: =AVERAGE(S31) -> 72.034827 | U31: 65.539558 | V31: 83.696051 | W31: 100 | X31: =AVERAGE(U31:W31) -> 83.078536 | Y31: 23.075514 | Z31: 2.5510174 | AA31: 22.868218 | AB31: 19.984934 | AC31: =AVERAGE(Y31:AB31) -> 17.119921 | AD31: 21.098647 | AE31: 0 | AF31: 53.164557 | AG31: 39.297703 | AH31: 30.370042 | AI31: =AVERAGE(AD31:AH31) -> 28.78619 | AJ31: =AVERAGE(T31,X31,AC31,AI31) -> 50.254869 | AK31: =AJ31*K值!M32 -> 52.716717 | AL31: 25 | AM31: 0 | AN31: =AVERAGE(AL31:AM31) -> 12.5 | AP31: =(H31*0.2)+(M31*0.2)+(R31*0.1)+(AK31*0.4)+(AN31*0.1) -> 45.360768
A32: 沈阳市 | B32: 1 | C32: 65 | D32: 40 | E32: 75 | F32: 60 | G32: =AVERAGE(C32:F32) -> 60 | H32: =G32*K值!M33 -> 58.132445 | I32: 40 | J32: 60 | K32: 75 | L32: 25 | M32: =AVERAGE(I32:L32) -> 50 | N32: 65 | O32: 0 | P32: 100 | Q32: 65 | R32: =AVERAGE(N32:Q32) -> 57.5 | S32: 48.165788 | T32: =AVERAGE(S32) -> 48.165788 | U32: 33.662232 | V32: 58.777594 | W32: 100 | X32: =AVERAGE(U32:W32) -> 64.146608 | Y32: 82.061256 | Z32: 27.838512 | AA32: 12.74622 | AB32: 56.207041 | AC32: =AVERAGE(Y32:AB32) -> 44.713257 | AD32: 13.990754 | AE32: 59.460371 | AF32: 61.181435 | AG32: 11.789311 | AH32: 91.110127 | AI32: =AVERAGE(AD32:AH32) -> 47.5064 | AJ32: =AVERAGE(T32,X32,AC32,AI32) -> 51.133013 | AK32: =AJ32*K值!M33 -> 49.541451 | AL32: 50 | AM32: 25 | AN32: =AVERAGE(AL32:AM32) -> 37.5 | AP32: =(H32*0.2)+(M32*0.2)+(R32*0.1)+(AK32*0.4)+(AN32*0.1) -> 50.94307
A33: 长春市 | B33: 2 | C33: 100 | D33: 60 | E33: 75 | F33: 100 | G33: =AVERAGE(C33:F33) -> 83.75 | H33: =G33*K值!M34 -> 83.384066 | I33: 50 | J33: 40 | K33: 25 | L33: 25 | M33: =AVERAGE(I33:L33) -> 35 | N33: 35 | O33: 35 | P33: 100 | Q33: 65 | R33: =AVERAGE(N33:Q33) -> 58.75 | S33: 65.966953 | T33: =AVERAGE(S33) -> 65.966953 | U33: 62.678906 | V33: 72.404683 | W33: 90.172958 | X33: =AVERAGE(U33:W33) -> 75.085516 | Y33: 57.730465 | Z33: 14.906443 | AA33: 11.321642 | AB33: 32.502212 | AC33: =AVERAGE(Y33:AB33) -> 29.115191 | AD33: 12.989673 | AE33: 14.865093 | AF33: 0 | AG33: 0 | AH33: 23.862176 | AI33: =AVERAGE(AD33:AH33) -> 10.343388 | AJ33: =AVERAGE(T33,X33,AC33,AI33) -> 45.127762 | AK33: =AJ33*K值!M34 -> 44.930582 | AL33: 50 | AM33: 0 | AN33: =AVERAGE(AL33:AM33) -> 25 | AP33: =(H33*0.2)+(M33*0.2)+(R33*0.1)+(AK33*0.4)+(AN33*0.1) -> 50.024046
A34: 周口市 | B34: 3 | C34: 65 | D34: 100 | E34: 30 | F34: 75 | G34: =AVERAGE(C34:F34) -> 67.5 | H34: =G34*K值!M35 -> 71.210098 | I34: 50 | J34: 60 | K34: 25 | L34: 50 | M34: =AVERAGE(I34:L34) -> 46.25 | N34: 100 | O34: 100 | P34: 100 | Q34: 35 | R34: =AVERAGE(N34:Q34) -> 83.75 | S34: 85.13707 | T34: =AVERAGE(S34) -> 85.13707 | U34: 82.066925 | V34: 79.500973 | W34: 97.90914 | X34: =AVERAGE(U34:W34) -> 86.492346 | Y34: 3.9533858 | Z34: 2.2364379 | AA34: 5.7732877 | AB34: 47.994738 | AC34: =AVERAGE(Y34:AB34) -> 14.989462 | AD34: 9.0956779 | AE34: 0 | AF34: 49.367089 | AG34: 31.438163 | AH34: 10.846444 | AI34: =AVERAGE(AD34:AH34) -> 20.149475 | AJ34: =AVERAGE(T34,X34,AC34,AI34) -> 51.692088 | AK34: =AJ34*K值!M35 -> 54.533314 | AL34: 50 | AM34: 50 | AN34: =AVERAGE(AL34:AM34) -> 50 | AP34: =(H34*0.2)+(M34*0.2)+(R34*0.1)+(AK34*0.4)+(AN34*0.1) -> 58.680345
A35: 赣州市 | B35: 2 | C35: 100 | D35: 100 | E35: 75 | F35: 75 | G35: =AVERAGE(C35:F35) -> 87.5 | H35: =G35*K值!M36 -> 92.241373 | I35: 50 | J35: 60 | K35: 50 | L35: 50 | M35: =AVERAGE(I35:L35) -> 52.5 | N35: 65 | O35: 65 | P35: 100 | Q35: 65 | R35: =AVERAGE(N35:Q35) -> 73.75 | S35: 79.172015 | T35: =AVERAGE(S35) -> 79.172015 | U35: 68.410112 | V35: 59.281618 | W35: 98.292464 | X35: =AVERAGE(U35:W35) -> 75.328065 | Y35: 4.999041 | Z35: 1.7894114 | AA35: 29.916127 | AB35: 45.53236 | AC35: =AVERAGE(Y35:AB35) -> 20.559235 | AD35: 8.5118442 | AE35: 0 | AF35: 67.932489 | AG35: 3.9297703 | AH35: 15.185021 | AI35: =AVERAGE(AD35:AH35) -> 19.111825 | AJ35: =AVERAGE(T35,X35,AC35,AI35) -> 48.542785 | AK35: =AJ35*K值!M36 -> 51.173179 | AL35: 50 | AM35: 0 | AN35: =AVERAGE(AL35:AM35) -> 25 | AP35: =(H35*0.2)+(M35*0.2)+(R35*0.1)+(AK35*0.4)+(AN35*0.1) -> 59.292546
A36: 菏泽市 | B36: 3 | C36: 65 | D36: 40 | E36: 60 | F36: 45 | G36: =AVERAGE(C36:F36) -> 52.5 | H36: =G36*K值!M37 -> 55.385632 | I36: 25 | J36: 40 | K36: 50 | L36: 50 | M36: =AVERAGE(I36:L36) -> 41.25 | N36: 35 | O36: 0 | P36: 65 | Q36: 65 | R36: =AVERAGE(N36:Q36) -> 41.25 | S36: 81.569712 | T36: =AVERAGE(S36) -> 81.569712 | U36: 72.166538 | V36: 78.84943 | W36: 66.615936 | X36: =AVERAGE(U36:W36) -> 72.543968 | Y36: 5.1449179 | Z36: NA | AA36: 7.4977763 | AB36: 40.394952 | AC36: =AVERAGE(Y36:AB36) -> 17.679216 | AD36: 23.487427 | AE36: 0 | AF36: 40.506329 | AG36: 23.578622 | AH36: 13.015732 | AI36: =AVERAGE(AD36:AH36) -> 20.117622 | AJ36: =AVERAGE(T36,X36,AC36,AI36) -> 47.977629 | AK36: =AJ36*K值!M37 -> 50.614692 | AL36: 0 | AM36: 0 | AN36: =AVERAGE(AL36:AM36) -> 0 | AP36: =(H36*0.2)+(M36*0.2)+(R36*0.1)+(AK36*0.4)+(AN36*0.1) -> 43.698003
A37: 泉州市 | B37: 2 | C37: 65 | D37: 100 | E37: 100 | F37: 45 | G37: =AVERAGE(C37:F37) -> 77.5 | H37: =G37*K值!M38 -> 81.759742 | I37: 0 | J37: 40 | K37: 0 | L37: 0 | M37: =AVERAGE(I37:L37) -> 10 | N37: 35 | O37: 35 | P37: 65 | Q37: 35 | R37: =AVERAGE(N37:Q37) -> 42.5 | S37: 72.984323 | T37: =AVERAGE(S37) -> 72.984323 | U37: 51.761341 | V37: 39.237441 | W37: 98.95457 | X37: =AVERAGE(U37:W37) -> 63.317784 | Y37: 6.3241914 | Z37: 2.2430312 | AA37: 40.038125 | AB37: 27.011092 | AC37: =AVERAGE(Y37:AB37) -> 18.90411 | AD37: 20.082252 | AE37: 14.865093 | AF37: 61.181435 | AG37: 23.578622 | AH37: 100 | AI37: =AVERAGE(AD37:AH37) -> 43.94148 | AJ37: =AVERAGE(T37,X37,AC37,AI37) -> 49.786924 | AK37: =AJ37*K值!M38 -> 52.523434 | AL37: 50 | AM37: 0 | AN37: =AVERAGE(AL37:AM37) -> 25 | AP37: =(H37*0.2)+(M37*0.2)+(R37*0.1)+(AK37*0.4)+(AN37*0.1) -> 46.111322
A38: 南宁市 | B38: 2 | C38: 100 | D38: 60 | E38: 60 | F38: 100 | G38: =AVERAGE(C38:F38) -> 80 | H38: =G38*K值!M39 -> 80.630979 | I38: 20 | J38: 40 | K38: 25 | L38: 50 | M38: =AVERAGE(I38:L38) -> 33.75 | N38: 65 | O38: 65 | P38: 100 | Q38: 65 | R38: =AVERAGE(N38:Q38) -> 73.75 | S38: 82.12555 | T38: =AVERAGE(S38) -> 82.12555 | U38: 99.885955 | V38: 25.401366 | W38: 99.790914 | X38: =AVERAGE(U38:W38) -> 75.026078 | Y38: 23.670055 | Z38: 20.943099 | AA38: 31.115772 | AB38: 1.0613066 | AC38: =AVERAGE(Y38:AB38) -> 19.197558 | AD38: 39.757882 | AE38: 0 | AF38: 0.84388186 | AG38: 3.9297703 | AH38: 91.110127 | AI38: =AVERAGE(AD38:AH38) -> 27.128332 | AJ38: =AVERAGE(T38,X38,AC38,AI38) -> 50.86938 | AK38: =AJ38*K值!M39 -> 51.270598 | AL38: 50 | AM38: 50 | AN38: =AVERAGE(AL38:AM38) -> 50 | AP38: =(H38*0.2)+(M38*0.2)+(R38*0.1)+(AK38*0.4)+(AN38*0.1) -> 55.759435
A39: 昆明市 | B39: 1 | C39: 65 | D39: 40 | E39: 60 | F39: 60 | G39: =AVERAGE(C39:F39) -> 56.25 | H39: =G39*K值!M40 -> 59.341748 | I39: 100 | J39: 40 | K39: 75 | L39: 75 | M39: =AVERAGE(I39:L39) -> 72.5 | N39: 65 | O39: 65 | P39: 100 | Q39: 65 | R39: =AVERAGE(N39:Q39) -> 73.75 | S39: 63.502096 | T39: =AVERAGE(S39) -> 63.502096 | U39: 45.210059 | V39: 68.590696 | W39: 87.141211 | X39: =AVERAGE(U39:W39) -> 66.980655 | Y39: 53.180088 | Z39: 14.906443 | AA39: 39.363326 | AB39: 35.893114 | AC39: =AVERAGE(Y39:AB39) -> 35.835742 | AD39: 26.873849 | AE39: 59.460371 | AF39: 14.345992 | AG39: 19.648852 | AH39: 34.70862 | AI39: =AVERAGE(AD39:AH39) -> 31.007537 | AJ39: =AVERAGE(T39,X39,AC39,AI39) -> 49.331508 | AK39: =AJ39*K值!M40 -> 52.042985 | AL39: 50 | AM39: 0 | AN39: =AVERAGE(AL39:AM39) -> 25 | AP39: =(H39*0.2)+(M39*0.2)+(R39*0.1)+(AK39*0.4)+(AN39*0.1) -> 57.060544
A40: 济宁市 | B40: 2 | C40: 65 | D40: 100 | E40: 100 | F40: 100 | G40: =AVERAGE(C40:F40) -> 91.25 | H40: =G40*K值!M41 -> 96.265503 | I40: 50 | J40: 40 | K40: 25 | L40: 50 | M40: =AVERAGE(I40:L40) -> 41.25 | N40: 100 | O40: 35 | P40: 100 | Q40: 100 | R40: =AVERAGE(N40:Q40) -> 83.75 | S40: 69.726713 | T40: =AVERAGE(S40) -> 69.726713 | U40: 63.714859 | V40: 86.225391 | W40: 96.480386 | X40: =AVERAGE(U40:W40) -> 82.140212 | Y40: 6.60859 | Z40: 0.6187142 | AA40: 18.44453 | AB40: 28.133066 | AC40: =AVERAGE(Y40:AB40) -> 13.451225 | AD40: 34.655902 | AE40: 0 | AF40: 70.042194 | AG40: 3.9297703 | AH40: 17.35431 | AI40: =AVERAGE(AD40:AH40) -> 25.196435 | AJ40: =AVERAGE(T40,X40,AC40,AI40) -> 47.628646 | AK40: =AJ40*K值!M41 -> 50.246527 | AL40: 50 | AM40: 0 | AN40: =AVERAGE(AL40:AM40) -> 25 | AP40: =(H40*0.2)+(M40*0.2)+(R40*0.1)+(AK40*0.4)+(AN40*0.1) -> 58.476711
A41: 福州市 | B41: 2 | C41: 100 | D41: 60 | E41: 75 | F41: 60 | G41: =AVERAGE(C41:F41) -> 73.75 | H41: =G41*K值!M42 -> 77.803626 | I41: 50 | J41: 40 | K41: 75 | L41: 100 | M41: =AVERAGE(I41:L41) -> 66.25 | N41: 65 | O41: 35 | P41: 65 | Q41: 65 | R41: =AVERAGE(N41:Q41) -> 57.5 | S41: 52.938537 | T41: =AVERAGE(S41) -> 52.938537 | U41: 21.30897 | V41: 54.044685 | W41: 96.898558 | X41: =AVERAGE(U41:W41) -> 57.417404 | Y41: 35.920034 | Z41: 8.602521 | AA41: 32.915238 | AB41: 28.396408 | AC41: =AVERAGE(Y41:AB41) -> 26.45855 | AD41: 21.369936 | AE41: 74.325464 | AF41: 68.776371 | AG41: 23.578622 | AH41: 93.279416 | AI41: =AVERAGE(AD41:AH41) -> 56.265962 | AJ41: =AVERAGE(T41,X41,AC41,AI41) -> 48.270113 | AK41: =AJ41*K值!M42 -> 50.923252 | AL41: 50 | AM41: 75 | AN41: =AVERAGE(AL41:AM41) -> 62.5 | AP41: =(H41*0.2)+(M41*0.2)+(R41*0.1)+(AK41*0.4)+(AN41*0.1) -> 61.180026
A42: 阜阳市 | B42: 3 | C42: 65 | D42: 100 | E42: 100 | F42: 100 | G42: =AVERAGE(C42:F42) -> 91.25 | H42: =G42*K值!M43 -> 96.265503 | I42: 100 | J42: 60 | K42: 75 | L42: 50 | M42: =AVERAGE(I42:L42) -> 71.25 | N42: 100 | O42: 65 | P42: 100 | Q42: 65 | R42: =AVERAGE(N42:Q42) -> 82.5 | S42: 86.741936 | T42: =AVERAGE(S42) -> 86.741936 | U42: 82.899991 | V42: 73.901389 | W42: 89.894177 | X42: =AVERAGE(U42:W42) -> 82.231852 | Y42: 3.6555028 | Z42: 1.4492274 | AA42: 14.020842 | AB42: 10.590561 | AC42: =AVERAGE(Y42:AB42) -> 7.4290333 | AD42: 10.01956 | AE42: 0 | AF42: 3.7974684 | AG42: 3.9297703 | AH42: 13.015732 | AI42: =AVERAGE(AD42:AH42) -> 6.1525063 | AJ42: =AVERAGE(T42,X42,AC42,AI42) -> 45.638832 | AK42: =AJ42*K值!M43 -> 48.147344 | AL42: 25 | AM42: 0 | AN42: =AVERAGE(AL42:AM42) -> 12.5 | AP42: =(H42*0.2)+(M42*0.2)+(R42*0.1)+(AK42*0.4)+(AN42*0.1) -> 62.262038
A43: 商丘市 | B43: 3 | C43: 100 | D43: 100 | E43: 75 | F43: 100 | G43: =AVERAGE(C43:F43) -> 93.75 | H43: =G43*K值!M44 -> 98.902914 | I43: 0 | J43: 40 | K43: 25 | L43: 50 | M43: =AVERAGE(I43:L43) -> 28.75 | N43: 100 | O43: 65 | P43: 100 | Q43: 35 | R43: =AVERAGE(N43:Q43) -> 75 | S43: 79.708171 | T43: =AVERAGE(S43) -> 79.708171 | U43: 70.573739 | V43: 83.444039 | W43: 95.469803 | X43: =AVERAGE(U43:W43) -> 83.162527 | Y43: 9.9833718 | Z43: 1.2309004 | AA43: 5.998221 | AB43: 47.944354 | AC43: =AVERAGE(Y43:AB43) -> 16.289212 | AD43: 15.67162 | AE43: 0 | AF43: 47.679325 | AG43: 31.438163 | AH43: 13.015732 | AI43: =AVERAGE(AD43:AH43) -> 21.560968 | AJ43: =AVERAGE(T43,X43,AC43,AI43) -> 50.180219 | AK43: =AJ43*K值!M44 -> 52.938346 | AL43: 25 | AM43: 50 | AN43: =AVERAGE(AL43:AM43) -> 37.5 | AP43: =(H43*0.2)+(M43*0.2)+(R43*0.1)+(AK43*0.4)+(AN43*0.1) -> 57.955921
A44: 南通市 | B44: 2 | C44: 65 | D44: 100 | E44: 45 | F44: 75 | G44: =AVERAGE(C44:F44) -> 71.25 | H44: =G44*K值!M45 -> 75.166215 | I44: 50 | J44: 60 | K44: 25 | L44: 0 | M44: =AVERAGE(I44:L44) -> 33.75 | N44: 65 | O44: 65 | P44: 65 | Q44: 65 | R44: =AVERAGE(N44:Q44) -> 65 | S44: 68.812201 | T44: =AVERAGE(S44) -> 68.812201 | U44: 60.639622 | V44: 50.820775 | W44: 100 | X44: =AVERAGE(U44:W44) -> 70.486799 | Y44: 12.748903 | Z44: 1.4743241 | AA44: 31.190749 | AB44: 20.438747 | AC44: =AVERAGE(Y44:AB44) -> 16.463181 | AD44: 22.266002 | AE44: 0 | AF44: 62.869198 | AG44: 19.648852 | AH44: 32.539331 | AI44: =AVERAGE(AD44:AH44) -> 27.464677 | AJ44: =AVERAGE(T44,X44,AC44,AI44) -> 45.806714 | AK44: =AJ44*K值!M45 -> 48.324454 | AL44: 50 | AM44: 0 | AN44: =AVERAGE(AL44:AM44) -> 25 | AP44: =(H44*0.2)+(M44*0.2)+(R44*0.1)+(AK44*0.4)+(AN44*0.1) -> 50.113024
A45: 唐山市 | B45: 2 | C45: 0 | D45: 40 | E45: 15 | F45: 30 | G45: =AVERAGE(C45:F45) -> 21.25 | H45: =G45*K值!M46 -> 22.417994 | I45: 0 | J45: 40 | K45: 0 | L45: 0 | M45: =AVERAGE(I45:L45) -> 10 | N45: 35 | O45: 65 | P45: 65 | Q45: 35 | R45: =AVERAGE(N45:Q45) -> 50 | S45: 71.15185 | T45: =AVERAGE(S45) -> 71.15185 | U45: 63.84706 | V45: 76.166423 | W45: 100 | X45: =AVERAGE(U45:W45) -> 80.004494 | Y45: 11.268069 | Z45: 0.38087553 | AA45: 25.117551 | AB45: 33.927412 | AC45: =AVERAGE(Y45:AB45) -> 17.673477 | AD45: 17.548451 | AE45: 0 | AF45: 70.886076 | AG45: 31.438163 | AH45: 80.263684 | AI45: =AVERAGE(AD45:AH45) -> 40.027275 | AJ45: =AVERAGE(T45,X45,AC45,AI45) -> 52.214274 | AK45: =AJ45*K值!M46 -> 55.084201 | AL45: 50 | AM45: 0 | AN45: =AVERAGE(AL45:AM45) -> 25 | AP45: =(H45*0.2)+(M45*0.2)+(R45*0.1)+(AK45*0.4)+(AN45*0.1) -> 36.017279
A46: 无锡市 | B46: 2 | C46: 100 | D46: 100 | E46: 75 | F46: 60 | G46: =AVERAGE(C46:F46) -> 83.75 | H46: =G46*K值!M47 -> 88.35327 | I46: 25 | J46: 40 | K46: 25 | L46: 50 | M46: =AVERAGE(I46:L46) -> 35 | N46: 65 | O46: 65 | P46: 100 | Q46: 35 | R46: =AVERAGE(N46:Q46) -> 66.25 | S46: 53.085404 | T46: =AVERAGE(S46) -> 53.085404 | U46: 54.34904 | V46: 59.536703 | W46: 100 | X46: =AVERAGE(U46:W46) -> 71.295248 | Y46: 23.367268 | Z46: 10.59898 | AA46: 41.612658 | AB46: 5.9960798 | AC46: =AVERAGE(Y46:AB46) -> 20.393747 | AD46: 39.705375 | AE46: 29.730186 | AF46: 5.0632911 | AG46: 0 | AH46: 34.70862 | AI46: =AVERAGE(AD46:AH46) -> 21.841494 | AJ46: =AVERAGE(T46,X46,AC46,AI46) -> 41.653973 | AK46: =AJ46*K值!M47 -> 43.943459 | AL46: 50 | AM46: 50 | AN46: =AVERAGE(AL46:AM46) -> 50 | AP46: =(H46*0.2)+(M46*0.2)+(R46*0.1)+(AK46*0.4)+(AN46*0.1) -> 53.873038
A47: 大连市 | B47: 1 | C47: 100 | D47: 40 | E47: 100 | F47: 75 | G47: =AVERAGE(C47:F47) -> 78.75 | H47: =G47*K值!M48 -> 83.078448 | I47: 0 | J47: 0 | K47: 50 | L47: 75 | M47: =AVERAGE(I47:L47) -> 31.25 | N47: 65 | O47: 0 | P47: 35 | Q47: 0 | R47: =AVERAGE(N47:Q47) -> 25 | S47: 63.195637 | T47: =AVERAGE(S47) -> 63.195637 | U47: 44.661044 | V47: 73.111546 | W47: 87.31545 | X47: =AVERAGE(U47:W47) -> 68.36268 | Y47: 70.893708 | Z47: 12.260406 | AA47: 30.515949 | AB47: 55.169663 | AC47: =AVERAGE(Y47:AB47) -> 42.209931 | AD47: 11.121281 | AE47: 14.865093 | AF47: 58.227848 | AG47: 43.227474 | AH47: 47.724352 | AI47: =AVERAGE(AD47:AH47) -> 35.033209 | AJ47: =AVERAGE(T47,X47,AC47,AI47) -> 52.200365 | AK47: =AJ47*K值!M48 -> 55.069527 | AL47: 25 | AM47: 0 | AN47: =AVERAGE(AL47:AM47) -> 12.5 | AP47: =(H47*0.2)+(M47*0.2)+(R47*0.1)+(AK47*0.4)+(AN47*0.1) -> 48.6435
A48: 沧州市 | B48: 3 | C48: 35 | D48: 40 | E48: 75 | F48: 60 | G48: =AVERAGE(C48:F48) -> 52.5 | H48: =G48*K值!M49 -> 55.385632 | I48: 0 | J48: 0 | K48: 60 | L48: 0 | M48: =AVERAGE(I48:L48) -> 15 | N48: 35 | O48: 100 | P48: 35 | Q48: 35 | R48: =AVERAGE(N48:Q48) -> 51.25 | S48: 83.89326 | T48: =AVERAGE(S48) -> 83.89326 | U48: 74.495857 | V48: 68.421664 | W48: 100 | X48: =AVERAGE(U48:W48) -> 80.972507 | Y48: 8.1225223 | Z48: 0.62429931 | AA48: 14.020842 | AB48: 16.534447 | AC48: =AVERAGE(Y48:AB48) -> 9.8255275 | AD48: 11.709177 | AE48: 0 | AF48: 53.164557 | AG48: 39.297703 | AH48: 19.523599 | AI48: =AVERAGE(AD48:AH48) -> 24.739007 | AJ48: =AVERAGE(T48,X48,AC48,AI48) -> 49.857575 | AK48: =AJ48*K值!M49 -> 52.597968 | AL48: 50 | AM48: 0 | AN48: =AVERAGE(AL48:AM48) -> 25 | AP48: =(H48*0.2)+(M48*0.2)+(R48*0.1)+(AK48*0.4)+(AN48*0.1) -> 42.741314
... A50: 烟台市 | B50: 2 | C50: 65 | D50: 100 | E50: 60 | F50: 100 | G50: =AVERAGE(C50:F50) -> 81.25 | H50: =G50*K值!M51 -> 85.715859 | I50: 75 | J50: 60 | K50: 25 | L50: 50 | M50: =AVERAGE(I50:L50) -> 52.5 | N50: 100 | O50: 0 | P50: 100 | Q50: 65 | R50: =AVERAGE(N50:Q50) -> 66.25 | S50: 68.390913 | T50: =AVERAGE(S50) -> 68.390913 | U50: 56.837685 | V50: 79.688445 | W50: 92.960771 | X50: =AVERAGE(U50:W50) -> 76.495634 | Y50: 23.708056 | Z50: 15.825969 | AA50: 28.266617 | AB50: 30.868891 | AC50: =AVERAGE(Y50:AB50) -> 24.667383 | AD50: 11.469455 | AE50: 0 | AF50: 70.042194 | AG50: 66.806096 | AH50: 28.200754 | AI50: =AVERAGE(AD50:AH50) -> 35.3037 | AJ50: =AVERAGE(T50,X50,AC50,AI50) -> 51.214408 | AK50: =AJ50*K值!M51 -> 54.029378 | AL50: 50 | AM50: 0 | AN50: =AVERAGE(AL50:AM50) -> 25 | AP50: =(H50*0.2)+(M50*0.2)+(R50*0.1)+(AK50*0.4)+(AN50*0.1) -> 58.379923
A51: 洛阳市 | B51: 2 | C51: 65 | D51: 100 | E51: 100 | F51: 60 | G51: =AVERAGE(C51:F51) -> 81.25 | H51: =G51*K值!M52 -> 85.715859 | I51: 75 | J51: 40 | K51: 25 | L51: 25 | M51: =AVERAGE(I51:L51) -> 41.25 | N51: 35 | O51: 35 | P51: 65 | Q51: 65 | R51: =AVERAGE(N51:Q51) -> 50 | S51: 34.219097 | T51: =AVERAGE(S51) -> 34.219097 | U51: 53.632955 | V51: 69.429712 | W51: 88.012403 | X51: =AVERAGE(U51:W51) -> 70.358357 | Y51: 16.399502 | Z51: NA | AA51: 9.9720425 | AB51: 32.261715 | AC51: =AVERAGE(Y51:AB51) -> 19.54442 | AD51: 25.533657 | AE51: 59.460371 | AF51: 76.793249 | AG51: 39.297703 | AH51: 47.724352 | AI51: =AVERAGE(AD51:AH51) -> 49.761867 | AJ51: =AVERAGE(T51,X51,AC51,AI51) -> 43.470935 | AK51: =AJ51*K值!M52 -> 45.86029 | AL51: 25 | AM51: 0 | AN51: =AVERAGE(AL51:AM51) -> 12.5 | AP51: =(H51*0.2)+(M51*0.2)+(R51*0.1)+(AK51*0.4)+(AN51*0.1) -> 49.987288
A52: 金华市 | B52: 3 | C52: 100 | D52: 100 | E52: 75 | F52: 100 | G52: =AVERAGE(C52:F52) -> 93.75 | H52: =G52*K值!M53 -> 98.902914 | I52: 50 | J52: 80 | K52: 75 | L52: 50 | M52: =AVERAGE(I52:L52) -> 63.75 | N52: 100 | O52: 35 | P52: 100 | Q52: 100 | R52: =AVERAGE(N52:Q52) -> 83.75 | S52: 70.471516 | T52: =AVERAGE(S52) -> 70.471516 | U52: 47.103729 | V52: 34.341647 | W52: 100 | X52: =AVERAGE(U52:W52) -> 60.481792 | Y52: 7.0143484 | Z52: 0.34975123 | AA52: 32.390394 | AB52: 43.837497 | AC52: =AVERAGE(Y52:AB52) -> 20.897998 | AD52: 32.652177 | AE52: 44.595279 | AF52: 67.088608 | AG52: 55.016785 | AH52: 60.740085 | AI52: =AVERAGE(AD52:AH52) -> 52.018587 | AJ52: =AVERAGE(T52,X52,AC52,AI52) -> 50.967473 | AK52: =AJ52*K值!M53 -> 53.76887 | AL52: 75 | AM52: 50 | AN52: =AVERAGE(AL52:AM52) -> 62.5 | AP52: =(H52*0.2)+(M52*0.2)+(R52*0.1)+(AK52*0.4)+(AN52*0.1) -> 68.663131
A53: 驻马店市 | B53: 4 | C53: 65 | D53: 80 | E53: 100 | F53: 75 | G53: =AVERAGE(C53:F53) -> 80 | H53: =G53*K值!M54 -> 84.397153 | I53: 0 | J53: 60 | K53: 25 | L53: 50 | M53: =AVERAGE(I53:L53) -> 33.75 | N53: 35 | O53: 0 | P53: 65 | Q53: 35 | R53: =AVERAGE(N53:Q53) -> 33.75 | S53: 82.628632 | T53: =AVERAGE(S53) -> 82.628632 | U53: 73.012908 | V53: 63.618068 | W53: 100 | X53: =AVERAGE(U53:W53) -> 78.876992 | Y53: 6.5301352 | Z53: NA | AA53: 5.6233322 | AB53: 37.211841 | AC53: =AVERAGE(Y53:AB53) -> 16.455103 | AD53: 14.618031 | AE53: 0 | AF53: 50.632911 | AG53: 19.648852 | AH53: 13.015732 | AI53: =AVERAGE(AD53:AH53) -> 19.583105 | AJ53: =AVERAGE(T53,X53,AC53,AI53) -> 49.385958 | AK53: =AJ53*K值!M54 -> 52.100429 | AL53: 0 | AM53: 0 | AN53: =AVERAGE(AL53:AM53) -> 0 | AP53: =(H53*0.2)+(M53*0.2)+(R53*0.1)+(AK53*0.4)+(AN53*0.1) -> 47.844602
A54: 湛江市 | B54: 2 | C54: 65 | D54: 100 | E54: 100 | F54: 45 | G54: =AVERAGE(C54:F54) -> 77.5 | H54: =G54*K值!M55 -> 81.759742 | I54: 50 | J54: 80 | K54: 0 | L54: 0 | M54: =AVERAGE(I54:L54) -> 32.5 | N54: 35 | O54: 35 | P54: 65 | Q54: 35 | R54: =AVERAGE(N54:Q54) -> 42.5 | S54: 78.229898 | T54: =AVERAGE(S54) -> 78.229898 | U54: 66.639876 | V54: 20.631578 | W54: 100 | X54: =AVERAGE(U54:W54) -> 62.423818 | Y54: 3.8099606 | Z54: 2.7911046 | AA54: 13.046131 | AB54: 57.225565 | AC54: =AVERAGE(Y54:AB54) -> 19.21819 | AD54: 3.7364727 | AE54: 0 | AF54: 65.822785 | AG54: 19.648852 | AH54: 58.570796 | AI54: =AVERAGE(AD54:AH54) -> 29.555781 | AJ54: =AVERAGE(T54,X54,AC54,AI54) -> 47.356922 | AK54: =AJ54*K值!M55 -> 49.959867 | AL54: 50 | AM54: 50 | AN54: =AVERAGE(AL54:AM54) -> 50 | AP54: =(H54*0.2)+(M54*0.2)+(R54*0.1)+(AK54*0.4)+(AN54*0.1) -> 52.085895
A55: 毕节市 | B55: 3 | C55: 65 | D55: 80 | E55: 75 | F55: 45 | G55: =AVERAGE(C55:F55) -> 66.25 | H55: =G55*K值!M56 -> 69.891393 | I55: 0 | J55: 40 | K55: 25 | L55: 25 | M55: =AVERAGE(I55:L55) -> 22.5 | N55: 65 | O55: 35 | P55: 65 | Q55: 0 | R55: =AVERAGE(N55:Q55) -> 41.25 | S55: 99.192658 | T55: =AVERAGE(S55) -> 99.192658 | U55: 100 | V55: 87.611457 | W55: 50.655705 | X55: =AVERAGE(U55:W55) -> 79.422387 | Y55: 12.381146 | Z55: NA | AA55: 14.095819 | AB55: 74.51523 | AC55: =AVERAGE(Y55:AB55) -> 33.664065 | AD55: 2.108427 | AE55: 0 | AF55: 47.257384 | AG55: 3.9297703 | AH55: 15.185021 | AI55: =AVERAGE(AD55:AH55) -> 13.696121 | AJ55: =AVERAGE(T55,X55,AC55,AI55) -> 56.493808 | AK55: =AJ55*K值!M56 -> 59.598957 | AL55: 25 | AM55: 0 | AN55: =AVERAGE(AL55:AM55) -> 12.5 | AP55: =(H55*0.2)+(M55*0.2)+(R55*0.1)+(AK55*0.4)+(AN55*0.1) -> 47.692861
A56: 盐城市 | B56: 2 | C56: 65 | D56: 80 | E56: 100 | F56: 100 | G56: =AVERAGE(C56:F56) -> 86.25 | H56: =G56*K值!M57 -> 90.990681 | I56: 50 | J56: 60 | K56: 25 | L56: 0 | M56: =AVERAGE(I56:L56) -> 33.75 | N56: 100 | O56: 35 | P56: 100 | Q56: 35 | R56: =AVERAGE(N56:Q56) -> 67.5 | S56: 61.179383 | T56: =AVERAGE(S56) -> 61.179383 | U56: 64.306397 | V56: 75.047736 | W56: 100 | X56: =AVERAGE(U56:W56) -> 79.784711 | Y56: 14.158638 | Z56: 2.1377918 | AA56: 30.440972 | AB56: 33.028831 | AC56: =AVERAGE(Y56:AB56) -> 19.941558 | AD56: 8.8668951 | AE56: 0 | AF56: 2.1097046 | AG56: 3.9297703 | AH56: 21.692887 | AI56: =AVERAGE(AD56:AH56) -> 7.3198515 | AJ56: =AVERAGE(T56,X56,AC56,AI56) -> 42.056376 | AK56: =AJ56*K值!M57 -> 44.36798 | AL56: 75 | AM56: 0 | AN56: =AVERAGE(AL56:AM56) -> 37.5 | AP56: =(H56*0.2)+(M56*0.2)+(R56*0.1)+(AK56*0.4)+(AN56*0.1) -> 53.195328
A57: 衡阳市 | B57: 2 | C57: 35 | D57: 0 | E57: 15 | F57: 0 | G57: =AVERAGE(C57:F57) -> 12.5 | H57: =G57*K值!M58 -> 13.187055 | I57: 0 | J57: 40 | K57: 0 | L57: 0 | M57: =AVERAGE(I57:L57) -> 10 | N57: 0 | O57: 35 | P57: 35 | Q57: 35 | R57: =AVERAGE(N57:Q57) -> 26.25 | S57: 75.922617 | T57: =AVERAGE(S57) -> 75.922617 | U57: 67.447027 | V57: 53.749646 | W57: 87.141211 | X57: =AVERAGE(U57:W57) -> 69.445962 | Y57: 9.2368254 | Z57: NA | AA57: 8.6224427 | AB57: 31.108472 | AC57: =AVERAGE(Y57:AB57) -> 16.32258 | AD57: 5.1391736 | AE57: 29.730186 | AF57: 66.666667 | AG57: 11.789311 | AH57: 60.740085 | AI57: =AVERAGE(AD57:AH57) -> 34.813084 | AJ57: =AVERAGE(T57,X57,AC57,AI57) -> 49.126061 | AK57: =AJ57*K值!M58 -> 51.826246 | AL57: 0 | AM57: 0 | AN57: =AVERAGE(AL57:AM57) -> 0 | AP57: =(H57*0.2)+(M57*0.2)+(R57*0.1)+(AK57*0.4)+(AN57*0.1) -> 27.992909
A58: 台州市 | B58: 2 | C58: 65 | D58: 100 | E58: 60 | F58: 45 | G58: =AVERAGE(C58:F58) -> 67.5 | H58: =G58*K值!M59 -> 71.210098 | I58: 50 | J58: 40 | K58: 25 | L58: 25 | M58: =AVERAGE(I58:L58) -> 35 | N58: 35 | O58: 65 | P58: 65 | Q58: 35 | R58: =AVERAGE(N58:Q58) -> 50 | S58: 69.772873 | T58: =AVERAGE(S58) -> 69.772873 | U58: 57.289866 | V58: 41.324224 | W58: 100 | X58: =AVERAGE(U58:W58) -> 66.204697 | Y58: 6.1905731 | Z58: 1.7937635 | AA58: 26.917017 | AB58: 24.644108 | AC58: =AVERAGE(Y58:AB58) -> 14.886365 | AD58: 32.391515 | AE58: 0 | AF58: 60.337553 | AG58: 58.946555 | AH58: 58.570796 | AI58: =AVERAGE(AD58:AH58) -> 42.049284 | AJ58: =AVERAGE(T58,X58,AC58,AI58) -> 48.228305 | AK58: =AJ58*K值!M59 -> 50.879145 | AL58: 0 | AM58: 0 | AN58: =AVERAGE(AL58:AM58) -> 0 | AP58: =(H58*0.2)+(M58*0.2)+(R58*0.1)+(AK58*0.4)+(AN58*0.1) -> 46.593678
A59: 遵义市 | B59: 2 | C59: 65 | D59: 100 | E59: 75 | F59: 75 | G59: =AVERAGE(C59:F59) -> 78.75 | H59: =G59*K值!M60 -> 83.078448 | I59: 0 | J59: 40 | K59: 25 | L59: 25 | M59: =AVERAGE(I59:L59) -> 22.5 | N59: 35 | O59: 35 | P59: 35 | Q59: 65 | R59: =AVERAGE(N59:Q59) -> 42.5 | S59: 57.104346 | T59: =AVERAGE(S59) -> 57.104346 | U59: 26.566545 | V59: 79.814451 | W59: 15.285324 | X59: =AVERAGE(U59:W59) -> 40.55544 | Y59: 37.957407 | Z59: NA | AA59: 22.643284 | AB59: 27.618154 | AC59: =AVERAGE(Y59:AB59) -> 29.406282 | AD59: 6.3587233 | AE59: 14.865093 | AF59: 54.008439 | AG59: 23.578622 | AH59: 6.5078662 | AI59: =AVERAGE(AD59:AH59) -> 21.063749 | AJ59: =AVERAGE(T59,X59,AC59,AI59) -> 37.032454 | AK59: =AJ59*K值!M60 -> 39.067921 | AL59: 25 | AM59: 0 | AN59: =AVERAGE(AL59:AM59) -> 12.5 | AP59: =(H59*0.2)+(M59*0.2)+(R59*0.1)+(AK59*0.4)+(AN59*0.1) -> 42.242858
A60: 邵阳市 | B60: 3 | C60: 35 | D60: 100 | E60: 100 | F60: 60 | G60: =AVERAGE(C60:F60) -> 73.75 | H60: =G60*K值!M61 -> 77.803626 | I60: 0 | J60: 60 | K60: 0 | L60: 0 | M60: =AVERAGE(I60:L60) -> 15 | N60: 0 | O60: 0 | P60: 35 | Q60: 0 | R60: =AVERAGE(N60:Q60) -> 8.75 | S60: 82.578186 | T60: =AVERAGE(S60) -> 82.578186 | U60: 73.444626 | V60: 54.539489 | W60: 84.109464 | X60: =AVERAGE(U60:W60) -> 70.69786 | Y60: 6.761822 | Z60: 0.94852587 | AA60: 7.0479097 | AB60: 63.84675 | AC60: =AVERAGE(Y60:AB60) -> 19.651252 | AD60: 3.5998906 | AE60: 0 | AF60: 45.147679 | AG60: 0 | AH60: 13.015732 | AI60: =AVERAGE(AD60:AH60) -> 12.35266 | AJ60: =AVERAGE(T60,X60,AC60,AI60) -> 46.31999 | AK60: =AJ60*K值!M61 -> 48.865941 | AL60: 25 | AM60: 0 | AN60: =AVERAGE(AL60:AM60) -> 12.5 | AP60: =(H60*0.2)+(M60*0.2)+(R60*0.1)+(AK60*0.4)+(AN60*0.1) -> 40.232101
A61: 上饶市 | B61: 2 | C61: 65 | D61: 100 | E61: 75 | F61: 60 | G61: =AVERAGE(C61:F61) -> 75 | H61: =G61*K值!M62 -> 79.122331 | I61: 25 | J61: 60 | K61: 25 | L61: 50 | M61: =AVERAGE(I61:L61) -> 40 | N61: 100 | O61: 35 | P61: 100 | Q61: 35 | R61: =AVERAGE(N61:Q61) -> 67.5 | S61: 83.034032 | T61: =AVERAGE(S61) -> 83.034032 | U61: 72.970736 | V61: 59.570509 | W61: 98.187921 | X61: =AVERAGE(U61:W61) -> 76.909722 | Y61: 4.241462 | Z61: 2.5594313 | AA61: 8.4724872 | AB61: 14.156503 | AC61: =AVERAGE(Y61:AB61) -> 7.3574709 | AD61: 3.7302218 | AE61: 0 | AF61: 28.691983 | AG61: 3.9297703 | AH61: 10.846444 | AI61: =AVERAGE(AD61:AH61) -> 9.4396838 | AJ61: =AVERAGE(T61,X61,AC61,AI61) -> 44.185227 | AK61: =AJ61*K值!M62 -> 46.613843 | AL61: 50 | AM61: 50 | AN61: =AVERAGE(AL61:AM61) -> 50 | AP61: =(H61*0.2)+(M61*0.2)+(R61*0.1)+(AK61*0.4)+(AN61*0.1) -> 54.220003
A62: 南昌市 | B62: 2 | C62: 100 | D62: 100 | E62: 75 | F62: 100 | G62: =AVERAGE(C62:F62) -> 93.75 | H62: =G62*K值!M63 -> 98.902914 | I62: 50 | J62: 40 | K62: 50 | L62: 50 | M62: =AVERAGE(I62:L62) -> 47.5 | N62: 65 | O62: 65 | P62: 100 | Q62: 35 | R62: =AVERAGE(N62:Q62) -> 66.25 | S62: 46.31656 | T62: =AVERAGE(S62) -> 46.31656 | U62: 32.469511 | V62: 47.172747 | W62: 93.030467 | X62: =AVERAGE(U62:W62) -> 57.557575 | Y62: 26.377971 | Z62: 18.857364 | AA62: 22.11844 | AB62: 23.37899 | AC62: =AVERAGE(Y62:AB62) -> 22.683191 | AD62: 20.060373 | AE62: 0 | AF62: 74.683544 | AG62: 39.297703 | AH62: 41.216486 | AI62: =AVERAGE(AD62:AH62) -> 35.051621 | AJ62: =AVERAGE(T62,X62,AC62,AI62) -> 40.402237 | AK62: =AJ62*K值!M63 -> 42.622922 | AL62: 50 | AM62: 0 | AN62: =AVERAGE(AL62:AM62) -> 25 | AP62: =(H62*0.2)+(M62*0.2)+(R62*0.1)+(AK62*0.4)+(AN62*0.1) -> 55.454752
A63: 新乡市 | B63: 2 | C63: 35 | D63: 60 | E63: 15 | F63: 30 | G63: =AVERAGE(C63:F63) -> 35 | H63: =G63*K值!M64 -> 36.923755 | I63: 0 | J63: 40 | K63: 25 | L63: 25 | M63: =AVERAGE(I63:L63) -> 22.5 | N63: 100 | O63: 35 | P63: 100 | Q63: 35 | R63: =AVERAGE(N63:Q63) -> 67.5 | S63: 71.626265 | T63: =AVERAGE(S63) -> 71.626265 | U63: 62.746761 | V63: 71.163063 | W63: 98.118226 | X63: =AVERAGE(U63:W63) -> 77.342683 | Y63: 5.2981499 | Z63: 1.8118969 | AA63: 9.7471092 | AB63: 52.201409 | AC63: =AVERAGE(Y63:AB63) -> 17.264641 | AD63: 13.250335 | AE63: 0 | AF63: 32.489451 | AG63: 7.8595407 | AH63: 13.015732 | AI63: =AVERAGE(AD63:AH63) -> 13.323012 | AJ63: =AVERAGE(T63,X63,AC63,AI63) -> 44.889151 | AK63: =AJ63*K值!M64 -> 47.356457 | AL63: 50 | AM63: 0 | AN63: =AVERAGE(AL63:AM63) -> 25 | AP63: =(H63*0.2)+(M63*0.2)+(R63*0.1)+(AK63*0.4)+(AN63*0.1) -> 40.077334
A64: 信阳市 | B64: 3 | C64: 100 | D64: 100 | E64: 100 | F64: 60 | G64: =AVERAGE(C64:F64) -> 90 | H64: =G64*K值!M65 -> 94.946798 | I64: 0 | J64: 40 | K64: 25 | L64: 50 | M64: =AVERAGE(I64:L64) -> 28.75 | N64: 35 | O64: 35 | P64: 65 | Q64: 35 | R64: =AVERAGE(N64:Q64) -> 42.5 | S64: 75.836273 | T64: =AVERAGE(S64) -> 75.836273 | U64: 64.107955 | V64: 73.557177 | W64: 100 | X64: =AVERAGE(U64:W64) -> 79.221711 | Y64: 3.0180576 | Z64: 1.9047403 | AA64: 6.5230654 | AB64: 47.233218 | AC64: =AVERAGE(Y64:AB64) -> 14.66977 | AD64: 4.4200081 | AE64: 0 | AF64: 67.088608 | AG64: 15.719081 | AH64: 23.862176 | AI64: =AVERAGE(AD64:AH64) -> 22.217975 | AJ64: =AVERAGE(T64,X64,AC64,AI64) -> 47.986432 | AK64: =AJ64*K值!M65 -> 50.623978 | AL64: 25 | AM64: 0 | AN64: =AVERAGE(AL64:AM64) -> 12.5 | AP64: =(H64*0.2)+(M64*0.2)+(R64*0.1)+(AK64*0.4)+(AN64*0.1) -> 50.488951
A65: 茂名市 | B65: 3 | C65: 65 | D65: 100 | E65: 75 | F65: 75 | G65: =AVERAGE(C65:F65) -> 78.75 | H65: =G65*K值!M66 -> 83.078448 | I65: 0 | J65: 40 | K65: 0 | L65: 0 | M65: =AVERAGE(I65:L65) -> 10 | N65: 35 | O65: 35 | P65: 65 | Q65: 0 | R65: =AVERAGE(N65:Q65) -> 33.75 | S65: 82.00387 | T65: =AVERAGE(S65) -> 82.00387 | U65: 76.1558 | V65: 61.93389 | W65: 100 | X65: =AVERAGE(U65:W65) -> 79.36323 | Y65: 2.8672773 | Z65: 1.0191014 | AA65: 11.021731 | AB65: 45.57114 | AC65: =AVERAGE(Y65:AB65) -> 15.119813 | AD65: 4.317806 | AE65: 14.865093 | AF65: 76.793249 | AG65: 39.297703 | AH65: 17.35431 | AI65: =AVERAGE(AD65:AH65) -> 30.525632 | AJ65: =AVERAGE(T65,X65,AC65,AI65) -> 51.753136 | AK65: =AJ65*K值!M66 -> 54.597717 | AL65: 0 | AM65: 0 | AN65: =AVERAGE(AL65:AM65) -> 0 | AP65: =(H65*0.2)+(M65*0.2)+(R65*0.1)+(AK65*0.4)+(AN65*0.1) -> 43.829776
A66: 惠州市 | B66: 2 | C66: 65 | D66: 100 | E66: 100 | F66: 100 | G66: =AVERAGE(C66:F66) -> 91.25 | H66: =G66*K值!M67 -> 96.265503 | I66: 75 | J66: 60 | K66: 25 | L66: 0 | M66: =AVERAGE(I66:L66) -> 40 | N66: 35 | O66: 65 | P66: 65 | Q66: 35 | R66: =AVERAGE(N66:Q66) -> 50 | S66: 47.313682 | T66: =AVERAGE(S66) -> 47.313682 | U66: 26.193489 | V66: 59.877841 | W66: 97.107644 | X66: =AVERAGE(U66:W66) -> 61.059658 | Y66: 11.156516 | Z66: NA | AA66: 37.413904 | AB66: 21.995246 | AC66: =AVERAGE(Y66:AB66) -> 23.521888 | AD66: 15.464715 | AE66: 100 | AF66: 59.493671 | AG66: 15.719081 | AH66: 28.200754 | AI66: =AVERAGE(AD66:AH66) -> 43.775644 | AJ66: =AVERAGE(T66,X66,AC66,AI66) -> 43.917718 | AK66: =AJ66*K值!M67 -> 46.33163 | AL66: 50 | AM66: 50 | AN66: =AVERAGE(AL66:AM66) -> 50 | AP66: =(H66*0.2)+(M66*0.2)+(R66*0.1)+(AK66*0.4)+(AN66*0.1) -> 55.785753
A67: 贵阳市 | B67: 2 | C67: 100 | D67: 60 | E67: 100 | F67: 60 | G67: =AVERAGE(C67:F67) -> 80 | H67: =G67*K值!M68 -> 84.397153 | I67: 75 | J67: 60 | K67: 50 | L67: 0 | M67: =AVERAGE(I67:L67) -> 46.25 | N67: 100 | O67: 65 | P67: 65 | Q67: 65 | R67: =AVERAGE(N67:Q67) -> 73.75 | S67: 12.420231 | T67: =AVERAGE(S67) -> 12.420231 | U67: 0 | V67: 46.650283 | W67: 93.762268 | X67: =AVERAGE(U67:W67) -> 46.804184 | Y67: 50.860768 | Z67: 6.5077419 | AA67: 23.018173 | AB67: 64.367576 | AC67: =AVERAGE(Y67:AB67) -> 36.188565 | AD67: 22.240373 | AE67: 0 | AF67: 6.3291139 | AG67: 3.9297703 | AH67: 8.677155 | AI67: =AVERAGE(AD67:AH67) -> 8.2352825 | AJ67: =AVERAGE(T67,X67,AC67,AI67) -> 25.912065 | AK67: =AJ67*K值!M68 -> 27.336307 | AL67: 75 | AM67: 50 | AN67: =AVERAGE(AL67:AM67) -> 62.5 | AP67: =(H67*0.2)+(M67*0.2)+(R67*0.1)+(AK67*0.4)+(AN67*0.1) -> 50.688953
A68: 聊城市 | B68: 2 | C68: 65 | D68: 100 | E68: 100 | F68: 100 | G68: =AVERAGE(C68:F68) -> 91.25 | H68: =G68*K值!M69 -> 96.265503 | I68: 25 | J68: 40 | K68: 25 | L68: 25 | M68: =AVERAGE(I68:L68) -> 28.75 | N68: 100 | O68: 35 | P68: 100 | Q68: 65 | R68: =AVERAGE(N68:Q68) -> 75 | S68: 80.699281 | T68: =AVERAGE(S68) -> 80.699281 | U68: 71.573843 | V68: 92.590232 | W68: 100 | X68: =AVERAGE(U68:W68) -> 88.054692 | Y68: 3.6346632 | Z68: NA | AA68: 10.796798 | AB68: 33.102877 | AC68: =AVERAGE(Y68:AB68) -> 15.844779 | AD68: 12.557736 | AE68: 0 | AF68: 6.7510549 | AG68: 11.789311 | AH68: 36.877909 | AI68: =AVERAGE(AD68:AH68) -> 13.595202 | AJ68: =AVERAGE(T68,X68,AC68,AI68) -> 49.548489 | AK68: =AJ68*K值!M69 -> 52.271892 | AL68: 50 | AM68: 0 | AN68: =AVERAGE(AL68:AM68) -> 25 | AP68: =(H68*0.2)+(M68*0.2)+(R68*0.1)+(AK68*0.4)+(AN68*0.1) -> 55.911858
A69: 黄冈市 | B69: 4 | C69: 35 | D69: 100 | E69: 75 | F69: 60 | G69: =AVERAGE(C69:F69) -> 67.5 | H69: =G69*K值!M70 -> 71.210098 | I69: 0 | J69: 40 | K69: 25 | L69: 50 | M69: =AVERAGE(I69:L69) -> 28.75 | N69: 0 | O69: 0 | P69: 100 | Q69: 35 | R69: =AVERAGE(N69:Q69) -> 33.75 | S69: 79.708298 | T69: =AVERAGE(S69) -> 79.708298 | U69: 64.095847 | V69: 40.036504 | W69: 100 | X69: =AVERAGE(U69:W69) -> 68.044117 | Y69: 0.87771294 | Z69: 1.6909176 | AA69: 8.847376 | AB69: 38.73845 | AC69: =AVERAGE(Y69:AB69) -> 12.538614 | AD69: 4.1871623 | AE69: 0 | AF69: 37.974684 | AG69: 15.719081 | AH69: 13.015732 | AI69: =AVERAGE(AD69:AH69) -> 14.179332 | AJ69: =AVERAGE(T69,X69,AC69,AI69) -> 43.61759 | AK69: =AJ69*K值!M70 -> 46.015006 | AL69: 50 | AM69: 50 | AN69: =AVERAGE(AL69:AM69) -> 50 | AP69: =(H69*0.2)+(M69*0.2)+(R69*0.1)+(AK69*0.4)+(AN69*0.1) -> 46.773022
A70: 玉林市 | B70: 3 | C70: 65 | D70: 100 | E70: 100 | F70: 60 | G70: =AVERAGE(C70:F70) -> 81.25 | H70: =G70*K值!M71 -> 85.715859 | I70: 0 | J70: 60 | K70: 25 | L70: 0 | M70: =AVERAGE(I70:L70) -> 21.25 | N70: 100 | O70: 65 | P70: 100 | Q70: 35 | R70: =AVERAGE(N70:Q70) -> 75 | S70: 80.829047 | T70: =AVERAGE(S70) -> 80.829047 | U70: 70.258829 | V70: 64.770562 | W70: 99.651523 | X70: =AVERAGE(U70:W70) -> 78.226972 | Y70: 1.898851 | Z70: 1.4514034 | AA70: 16.720041 | AB70: 37.246281 | AC70: =AVERAGE(Y70:AB70) -> 14.329144 | AD70: 6.0364897 | AE70: 0 | AF70: 62.869198 | AG70: 19.648852 | AH70: 4.3385775 | AI70: =AVERAGE(AD70:AH70) -> 18.578623 | AJ70: =AVERAGE(T70,X70,AC70,AI70) -> 47.990947 | AK70: =AJ70*K值!M71 -> 50.628741 | AL70: 0 | AM70: 0 | AN70: =AVERAGE(AL70:AM70) -> 0 | AP70: =(H70*0.2)+(M70*0.2)+(R70*0.1)+(AK70*0.4)+(AN70*0.1) -> 49.144668
A71: 曲靖市 | B71: 3 | C71: 65 | D71: 100 | E71: 100 | F71: 60 | G71: =AVERAGE(C71:F71) -> 81.25 | H71: =G71*K值!M72 -> 85.715859 | I71: 0 | J71: 60 | K71: 0 | L71: 0 | M71: =AVERAGE(I71:L71) -> 15 | N71: 0 | O71: 0 | P71: 35 | Q71: 35 | R71: =AVERAGE(N71:Q71) -> 17.5 | S71: 89.98566 | T71: =AVERAGE(S71) -> 89.98566 | U71: 80.642467 | V71: 78.357699 | W71: 0 | X71: =AVERAGE(U71:W71) -> 53.000055 | Y71: 14.617108 | Z71: NA | AA71: 14.545686 | AB71: 33.200859 | AC71: =AVERAGE(Y71:AB71) -> 20.787884 | AD71: 4.4659522 | AE71: 0 | AF71: 58.227848 | AG71: 47.157244 | AH71: 8.677155 | AI71: =AVERAGE(AD71:AH71) -> 23.70564 | AJ71: =AVERAGE(T71,X71,AC71,AI71) -> 46.86981 | AK71: =AJ71*K值!M72 -> 49.445982 | AL71: 0 | AM71: 0 | AN71: =AVERAGE(AL71:AM71) -> 0 | AP71: =(H71*0.2)+(M71*0.2)+(R71*0.1)+(AK71*0.4)+(AN71*0.1) -> 41.671564
A72: 德州市 | B72: 3 | C72: 65 | D72: 100 | E72: 75 | F72: 100 | G72: =AVERAGE(C72:F72) -> 85 | H72: =G72*K值!M73 -> 89.671975 | I72: 75 | J72: 40 | K72: 50 | L72: 50 | M72: =AVERAGE(I72:L72) -> 53.75 | N72: 100 | O72: 35 | P72: 100 | Q72: 65 | R72: =AVERAGE(N72:Q72) -> 75 | S72: 73.271637 | T72: =AVERAGE(S72) -> 73.271637 | U72: 67.982131 | V72: 84.756346 | W72: 100 | X72: =AVERAGE(U72:W72) -> 84.246159 | Y72: 1.5372235 | Z72: 0.42287266 | AA72: 9.8220869 | AB72: 86.770076 | AC72: =AVERAGE(Y72:AB72) -> 24.638065 | AD72: 8.9540951 | AE72: 0 | AF72: 81.012658 | AG72: 23.578622 | AH72: 21.692887 | AI72: =AVERAGE(AD72:AH72) -> 27.047653 | AJ72: =AVERAGE(T72,X72,AC72,AI72) -> 52.300878 | AK72: =AJ72*K值!M73 -> 55.175566 | AL72: 50 | AM72: 0 | AN72: =AVERAGE(AL72:AM72) -> 25 | AP72: =(H72*0.2)+(M72*0.2)+(R72*0.1)+(AK72*0.4)+(AN72*0.1) -> 60.754621
A73: 南充市 | B73: 2 | C73: 65 | D73: 100 | E73: 100 | F73: 60 | G73: =AVERAGE(C73:F73) -> 81.25 | H73: =G73*K值!M74 -> 85.715859 | I73: 0 | J73: 20 | K73: 25 | L73: 25 | M73: =AVERAGE(I73:L73) -> 17.5 | N73: 35 | O73: 35 | P73: 65 | Q73: 35 | R73: =AVERAGE(N73:Q73) -> 42.5 | S73: 68.573231 | T73: =AVERAGE(S73) -> 68.573231 | U73: 74.671464 | V73: 68.000619 | W73: 95.400108 | X73: =AVERAGE(U73:W73) -> 79.357397 | Y73: 10.651463 | Z73: 2.0248782 | AA73: 4.5736435 | AB73: 62.819798 | AC73: =AVERAGE(Y73:AB73) -> 20.017446 | AD73: 3.5773874 | AE73: 0 | AF73: 34.599156 | AG73: 3.9297703 | AH73: 13.015732 | AI73: =AVERAGE(AD73:AH73) -> 11.024409 | AJ73: =AVERAGE(T73,X73,AC73,AI73) -> 44.743121 | AK73: =AJ73*K值!M74 -> 47.2024 | AL73: 50 | AM73: 0 | AN73: =AVERAGE(AL73:AM73) -> 25 | AP73: =(H73*0.2)+(M73*0.2)+(R73*0.1)+(AK73*0.4)+(AN73*0.1) -> 46.274132
A74: 揭阳市 | B74: 3 | C74: 100 | D74: 80 | E74: 75 | F74: 60 | G74: =AVERAGE(C74:F74) -> 78.75 | H74: =G74*K值!M75 -> 83.078448 | I74: 0 | J74: 80 | K74: 25 | L74: 0 | M74: =AVERAGE(I74:L74) -> 26.25 | N74: 35 | O74: 35 | P74: 35 | Q74: 0 | R74: =AVERAGE(N74:Q74) -> 26.25 | S74: 96.978156 | T74: =AVERAGE(S74) -> 96.978156 | U74: 100 | V74: 23.44059 | W74: 92.751685 | X74: =AVERAGE(U74:W74) -> 72.064092 | Y74: 1.609549 | Z74: 0.47604001 | AA74: 15.520397 | AB74: 24.680446 | AC74: =AVERAGE(Y74:AB74) -> 10.571608 | AD74: 4.2256053 | AE74: 0 | AF74: 43.881857 | AG74: 19.648852 | AH74: 8.677155 | AI74: =AVERAGE(AD74:AH74) -> 15.286694 | AJ74: =AVERAGE(T74,X74,AC74,AI74) -> 48.725137 | AK74: =AJ74*K值!M75 -> 51.403286 | AL74: 0 | AM74: 0 | AN74: =AVERAGE(AL74:AM74) -> 0 | AP74: =(H74*0.2)+(M74*0.2)+(R74*0.1)+(AK74*0.4)+(AN74*0.1) -> 45.052004
A75: 汕头市 | B75: 2 | C75: 65 | D75: 60 | E75: 100 | F75: 0 | G75: =AVERAGE(C75:F75) -> 56.25 | H75: =G75*K值!M76 -> 59.341748 | I75: 25 | J75: 40 | K75: 50 | L75: 0 | M75: =AVERAGE(I75:L75) -> 28.75 | N75: 100 | O75: 35 | P75: 65 | Q75: 35 | R75: =AVERAGE(N75:Q75) -> 58.75 | S75: 53.702603 | T75: =AVERAGE(S75) -> 53.702603 | U75: 56.752341 | V75: 61.097948 | W75: 96.375843 | X75: =AVERAGE(U75:W75) -> 71.408711 | Y75: 11.561049 | Z75: 0.4400632 | AA75: 11.546575 | AB75: 50.642971 | AC75: =AVERAGE(Y75:AB75) -> 18.547665 | AD75: 7.8417482 | AE75: 100 | AF75: 64.978903 | AG75: 11.789311 | AH75: 0 | AI75: =AVERAGE(AD75:AH75) -> 36.921992 | AJ75: =AVERAGE(T75,X75,AC75,AI75) -> 45.145243 | AK75: =AJ75*K值!M76 -> 47.626625 | AL75: 25 | AM75: 0 | AN75: =AVERAGE(AL75:AM75) -> 12.5 | AP75: =(H75*0.2)+(M75*0.2)+(R75*0.1)+(AK75*0.4)+(AN75*0.1) -> 43.794
A76: 安阳市 | B76: 3 | C76: 65 | D76: 100 | E76: 100 | F76: 100 | G76: =AVERAGE(C76:F76) -> 91.25 | H76: =G76*K值!M77 -> 96.265503 | I76: 0 | J76: 60 | K76: 50 | L76: 50 | M76: =AVERAGE(I76:L76) -> 40 | N76: 100 | O76: 0 | P76: 65 | Q76: 35 | R76: =AVERAGE(N76:Q76) -> 50 | S76: 78.083453 | T76: =AVERAGE(S76) -> 78.083453 | U76: 71.703943 | V76: 60.953502 | W76: 98.640941 | X76: =AVERAGE(U76:W76) -> 77.099462 | Y76: 5.6095173 | Z76: 1.2069642 | AA76: 6.4480876 | AB76: 45.15139 | AC76: =AVERAGE(Y76:AB76) -> 14.60399 | AD76: 9.5554312 | AE76: 44.595279 | AF76: 61.603376 | AG76: 35.367933 | AH76: 62.909374 | AI76: =AVERAGE(AD76:AH76) -> 42.806278 | AJ76: =AVERAGE(T76,X76,AC76,AI76) -> 53.148296 | AK76: =AJ76*K值!M77 -> 56.069561 | AL76: 50 | AM76: 0 | AN76: =AVERAGE(AL76:AM76) -> 25 | AP76: =(H76*0.2)+(M76*0.2)+(R76*0.1)+(AK76*0.4)+(AN76*0.1) -> 57.180925
A77: 泰安市 | B77: 2 | C77: 65 | D77: 100 | E77: 100 | F77: 60 | G77: =AVERAGE(C77:F77) -> 81.25 | H77: =G77*K值!M78 -> 85.715859 | I77: 0 | J77: 40 | K77: 25 | L77: 0 | M77: =AVERAGE(I77:L77) -> 16.25 | N77: 65 | O77: 0 | P77: 65 | Q77: 35 | R77: =AVERAGE(N77:Q77) -> 41.25 | S77: 76.435833 | T77: =AVERAGE(S77) -> 76.435833 | U77: 64.311054 | V77: 90.189971 | W77: 100 | X77: =AVERAGE(U77:W77) -> 84.833675 | Y77: 5.1755643 | Z77: NA | AA77: 14.845597 | AB77: 18.364085 | AC77: =AVERAGE(Y77:AB77) -> 12.795082 | AD77: 4.3265572 | AE77: 0 | AF77: 17.299578 | AG77: 3.9297703 | AH77: 6.5078662 | AI77: =AVERAGE(AD77:AH77) -> 6.4127544 | AJ77: =AVERAGE(T77,X77,AC77,AI77) -> 45.119336 | AK77: =AJ77*K值!M78 -> 47.599294 | AL77: 50 | AM77: 0 | AN77: =AVERAGE(AL77:AM77) -> 25 | AP77: =(H77*0.2)+(M77*0.2)+(R77*0.1)+(AK77*0.4)+(AN77*0.1) -> 46.057889
A78: 廊坊市 | B78: 3 | C78: 65 | D78: 100 | E78: 45 | F78: 75 | G78: =AVERAGE(C78:F78) -> 71.25 | H78: =G78*K值!M79 -> 75.166215 | I78: 0 | J78: 40 | K78: 0 | L78: 0 | M78: =AVERAGE(I78:L78) -> 10 | N78: 0 | O78: 0 | P78: 35 | Q78: 0 | R78: =AVERAGE(N78:Q78) -> 8.75 | S78: 38.627329 | T78: =AVERAGE(S78) -> 38.627329 | U78: 40.703351 | V78: 83.18588 | W78: 100 | X78: =AVERAGE(U78:W78) -> 74.629744 | Y78: 1.6745194 | Z78: 0.54117546 | AA78: 22.943195 | AB78: 28.036925 | AC78: =AVERAGE(Y78:AB78) -> 13.298954 | AD78: 10.709034 | AE78: 74.325464 | AF78: 70.886076 | AG78: 11.789311 | AH78: 15.185021 | AI78: =AVERAGE(AD78:AH78) -> 36.578981 | AJ78: =AVERAGE(T78,X78,AC78,AI78) -> 40.783752 | AK78: =AJ78*K值!M79 -> 43.025407 | AL78: 0 | AM78: 0 | AN78: =AVERAGE(AL78:AM78) -> 0 | AP78: =(H78*0.2)+(M78*0.2)+(R78*0.1)+(AK78*0.4)+(AN78*0.1) -> 35.118406
A79: 嘉兴市 | B79: 3 | C79: 100 | D79: 100 | E79: 60 | F79: 100 | G79: =AVERAGE(C79:F79) -> 90 | H79: =G79*K值!M80 -> 94.946798 | I79: 25 | J79: 40 | K79: 50 | L79: 0 | M79: =AVERAGE(I79:L79) -> 28.75 | N79: 100 | O79: 35 | P79: 100 | Q79: 35 | R79: =AVERAGE(N79:Q79) -> 67.5 | S79: 62.819374 | T79: =AVERAGE(S79) -> 62.819374 | U79: 42.827702 | V79: 60.169806 | W79: 100 | X79: =AVERAGE(U79:W79) -> 67.665836 | Y79: 5.8350749 | Z79: 8.1991237 | AA79: 35.989326 | AB79: 33.921171 | AC79: =AVERAGE(Y79:AB79) -> 20.986174 | AD79: 26.10874 | AE79: 14.865093 | AF79: 67.088608 | AG79: 39.297703 | AH79: 62.909374 | AI79: =AVERAGE(AD79:AH79) -> 42.053903 | AJ79: =AVERAGE(T79,X79,AC79,AI79) -> 48.381322 | AK79: =AJ79*K值!M80 -> 51.040573 | AL79: 50 | AM79: 50 | AN79: =AVERAGE(AL79:AM79) -> 50 | AP79: =(H79*0.2)+(M79*0.2)+(R79*0.1)+(AK79*0.4)+(AN79*0.1) -> 56.905589
A80: 达州市 | B80: 3 | C80: 65 | D80: 100 | E80: 75 | F80: 45 | G80: =AVERAGE(C80:F80) -> 71.25 | H80: =G80*K值!M81 -> 75.166215 | I80: 25 | J80: 40 | K80: 25 | L80: 50 | M80: =AVERAGE(I80:L80) -> 35 | N80: 35 | O80: 0 | P80: 35 | Q80: 0 | R80: =AVERAGE(N80:Q80) -> 17.5 | S80: 90.213327 | T80: =AVERAGE(S80) -> 90.213327 | U80: 88.54233 | V80: 87.328712 | W80: 96.515233 | X80: =AVERAGE(U80:W80) -> 90.795425 | Y80: 17.105595 | Z80: 1.722789 | AA80: 1.7244885 | AB80: 55.910134 | AC80: =AVERAGE(Y80:AB80) -> 19.115752 | AD80: 1.5258436 | AE80: 0 | AF80: 47.257384 | AG80: 7.8595407 | AH80: 10.846444 | AI80: =AVERAGE(AD80:AH80) -> 13.497842 | AJ80: =AVERAGE(T80,X80,AC80,AI80) -> 53.405587 | AK80: =AJ80*K值!M81 -> 56.340994 | AL80: 75 | AM80: 0 | AN80: =AVERAGE(AL80:AM80) -> 37.5 | AP80: =(H80*0.2)+(M80*0.2)+(R80*0.1)+(AK80*0.4)+(AN80*0.1) -> 50.06964
A81: 宿州市 | B81: 3 | C81: 65 | D81: 80 | E81: 100 | F81: 75 | G81: =AVERAGE(C81:F81) -> 80 | H81: =G81*K值!M82 -> 84.397153 | I81: 50 | J81: 40 | K81: 50 | L81: 0 | M81: =AVERAGE(I81:L81) -> 35 | N81: 100 | O81: 35 | P81: 100 | Q81: 0 | R81: =AVERAGE(N81:Q81) -> 58.75 | S81: 83.375396 | T81: =AVERAGE(S81) -> 83.375396 | U81: 76.813717 | V81: 59.54285 | W81: 100 | X81: =AVERAGE(U81:W81) -> 78.785522 | Y81: 2.4627448 | Z81: 0.94149008 | AA81: 6.8229764 | AB81: 33.372645 | AC81: =AVERAGE(Y81:AB81) -> 10.899964 | AD81: 5.5511076 | AE81: 14.865093 | AF81: 77.21519 | AG81: 43.227474 | AH81: 6.5078662 | AI81: =AVERAGE(AD81:AH81) -> 29.473346 | AJ81: =AVERAGE(T81,X81,AC81,AI81) -> 50.633557 | AK81: =AJ81*K值!M82 -> 53.416601 | AL81: 50 | AM81: 0 | AN81: =AVERAGE(AL81:AM81) -> 25 | AP81: =(H81*0.2)+(M81*0.2)+(R81*0.1)+(AK81*0.4)+(AN81*0.1) -> 53.621071
A82: 太原市 | B82: 2 | C82: 65 | D82: 40 | E82: 100 | F82: 45 | G82: =AVERAGE(C82:F82) -> 62.5 | H82: =G82*K值!M83 -> 65.935276 | I82: 75 | J82: 60 | K82: 25 | L82: 100 | M82: =AVERAGE(I82:L82) -> 65 | N82: 100 | O82: 65 | P82: 100 | Q82: 35 | R82: =AVERAGE(N82:Q82) -> 75 | S82: 21.675814 | T82: =AVERAGE(S82) -> 21.675814 | U82: 20.372308 | V82: 72.493809 | W82: 100 | X82: =AVERAGE(U82:W82) -> 64.288706 | Y82: 25.859434 | Z82: 2.841153 | AA82: 42.662347 | AB82: 38.261471 | AC82: =AVERAGE(Y82:AB82) -> 27.406101 | AD82: 32.860957 | AE82: 0 | AF82: 53.164557 | AG82: 31.438163 | AH82: 100 | AI82: =AVERAGE(AD82:AH82) -> 43.492735 | AJ82: =AVERAGE(T82,X82,AC82,AI82) -> 39.215839 | AK82: =AJ82*K值!M83 -> 41.371315 | AL82: 75 | AM82: 50 | AN82: =AVERAGE(AL82:AM82) -> 62.5 | AP82: =(H82*0.2)+(M82*0.2)+(R82*0.1)+(AK82*0.4)+(AN82*0.1) -> 56.485581
A83: 永州市 | B83: 3 | C83: 65 | D83: 100 | E83: 100 | F83: 75 | G83: =AVERAGE(C83:F83) -> 85 | H83: =G83*K值!M84 -> 89.671975 | I83: 0 | J83: 60 | K83: 25 | L83: 50 | M83: =AVERAGE(I83:L83) -> 33.75 | N83: 0 | O83: 35 | P83: 35 | Q83: 35 | R83: =AVERAGE(N83:Q83) -> 26.25 | S83: 78.17232 | T83: =AVERAGE(S83) -> 78.17232 | U83: 65.892042 | V83: 11.22108 | W83: 93.413791 | X83: =AVERAGE(U83:W83) -> 56.842304 | Y83: 10.630624 | Z83: NA | AA83: 5.3234212 | AB83: 56.78911 | AC83: =AVERAGE(Y83:AB83) -> 24.247718 | AD83: 2.6103739 | AE83: 0 | AF83: 12.236287 | AG83: 0 | AH83: 0 | AI83: =AVERAGE(AD83:AH83) -> 2.9693322 | AJ83: =AVERAGE(T83,X83,AC83,AI83) -> 40.557919 | AK83: =AJ83*K值!M84 -> 42.787161 | AL83: 50 | AM83: 0 | AN83: =AVERAGE(AL83:AM83) -> 25 | AP83: =(H83*0.2)+(M83*0.2)+(R83*0.1)+(AK83*0.4)+(AN83*0.1) -> 46.924259
A84: 常德市 | B84: 3 | C84: 35 | D84: 40 | E84: 15 | F84: 15 | G84: =AVERAGE(C84:F84) -> 26.25 | H84: =G84*K值!M85 -> 27.692816 | I84: 0 | J84: 40 | K84: 25 | L84: 0 | M84: =AVERAGE(I84:L84) -> 16.25 | N84: 0 | O84: 65 | P84: 35 | Q84: 35 | R84: =AVERAGE(N84:Q84) -> 33.75 | S84: 79.488994 | T84: =AVERAGE(S84) -> 79.488994 | U84: 74.793196 | V84: 50.365924 | W84: 93.309248 | X84: =AVERAGE(U84:W84) -> 72.822789 | Y84: 9.4930293 | Z84: 2.2231642 | AA84: 7.1978652 | AB84: 39.69722 | AC84: =AVERAGE(Y84:AB84) -> 14.65282 | AD84: 4.2652985 | AE84: 14.865093 | AF84: 68.35443 | AG84: 51.087014 | AH84: 13.015732 | AI84: =AVERAGE(AD84:AH84) -> 30.317514 | AJ84: =AVERAGE(T84,X84,AC84,AI84) -> 49.320529 | AK84: =AJ84*K值!M85 -> 52.031403 | AL84: 50 | AM84: 50 | AN84: =AVERAGE(AL84:AM84) -> 50 | AP84: =(H84*0.2)+(M84*0.2)+(R84*0.1)+(AK84*0.4)+(AN84*0.1) -> 37.976125
A85: 常州市 | B85: 2 | C85: 35 | D85: 100 | E85: 60 | F85: 75 | G85: =AVERAGE(C85:F85) -> 67.5 | H85: =G85*K值!M86 -> 71.210098 | I85: 50 | J85: 0 | K85: 0 | L85: 0 | M85: =AVERAGE(I85:L85) -> 12.5 | N85: 0 | O85: 0 | P85: 35 | Q85: 35 | R85: =AVERAGE(N85:Q85) -> 17.5 | S85: 55.910976 | T85: =AVERAGE(S85) -> 55.910976 | U85: 50.15824 | V85: 43.122115 | W85: 100 | X85: =AVERAGE(U85:W85) -> 64.426785 | Y85: 14.623237 | Z85: 2.3908626 | AA85: 38.313637 | AB85: 14.780484 | AC85: =AVERAGE(Y85:AB85) -> 17.527055 | AD85: 20.562008 | AE85: 0 | AF85: 80.168776 | AG85: 7.8595407 | AH85: 34.70862 | AI85: =AVERAGE(AD85:AH85) -> 28.659789 | AJ85: =AVERAGE(T85,X85,AC85,AI85) -> 41.631151 | AK85: =AJ85*K值!M86 -> 43.919383 | AL85: 50 | AM85: 0 | AN85: =AVERAGE(AL85:AM85) -> 25 | AP85: =(H85*0.2)+(M85*0.2)+(R85*0.1)+(AK85*0.4)+(AN85*0.1) -> 38.559773
A86: 绍兴市 | B86: 2 | C86: 65 | D86: 100 | E86: 75 | F86: 100 | G86: =AVERAGE(C86:F86) -> 85 | H86: =G86*K值!M87 -> 89.671975 | I86: 25 | J86: 40 | K86: 25 | L86: 50 | M86: =AVERAGE(I86:L86) -> 35 | N86: 65 | O86: 65 | P86: 65 | Q86: 100 | R86: =AVERAGE(N86:Q86) -> 73.75 | S86: 55.842345 | T86: =AVERAGE(S86) -> 55.842345 | U86: 44.260556 | V86: 51.269479 | W86: 100 | X86: =AVERAGE(U86:W86) -> 65.176678 | Y86: 13.833786 | Z86: 0.60582493 | AA86: 17.169908 | AB86: 41.214958 | AC86: =AVERAGE(Y86:AB86) -> 18.206119 | AD86: 16.567061 | AE86: 0 | AF86: 82.278481 | AG86: 66.806096 | AH86: 54.232219 | AI86: =AVERAGE(AD86:AH86) -> 43.976771 | AJ86: =AVERAGE(T86,X86,AC86,AI86) -> 45.800478 | AK86: =AJ86*K值!M87 -> 48.317875 | AL86: 50 | AM86: 50 | AN86: =AVERAGE(AL86:AM86) -> 50 | AP86: =(H86*0.2)+(M86*0.2)+(R86*0.1)+(AK86*0.4)+(AN86*0.1) -> 56.636545
A87: 襄阳市 | B87: 2 | C87: 65 | D87: 100 | E87: 100 | F87: 100 | G87: =AVERAGE(C87:F87) -> 91.25 | H87: =G87*K值!M88 -> 96.265503 | I87: 100 | J87: 100 | K87: 50 | L87: 50 | M87: =AVERAGE(I87:L87) -> 75 | N87: 100 | O87: 35 | P87: 100 | Q87: 65 | R87: =AVERAGE(N87:Q87) -> 75 | S87: 73.355187 | T87: =AVERAGE(S87) -> 73.355187 | U87: 71.070714 | V87: 81.901234 | W87: 100 | X87: =AVERAGE(U87:W87) -> 84.323982 | Y87: 17.888918 | Z87: 1.6642542 | AA87: 15.895286 | AB87: 33.785701 | AC87: =AVERAGE(Y87:AB87) -> 17.30854 | AD87: 6.2680853 | AE87: 29.730186 | AF87: 61.603376 | AG87: 35.367933 | AH87: 32.539331 | AI87: =AVERAGE(AD87:AH87) -> 33.101782 | AJ87: =AVERAGE(T87,X87,AC87,AI87) -> 52.022373 | AK87: =AJ87*K值!M88 -> 54.881752 | AL87: 50 | AM87: 0 | AN87: =AVERAGE(AL87:AM87) -> 25 | AP87: =(H87*0.2)+(M87*0.2)+(R87*0.1)+(AK87*0.4)+(AN87*0.1) -> 66.205802
A88: 荆州市 | B88: 3 | C88: 65 | D88: 80 | E88: 100 | F88: 45 | G88: =AVERAGE(C88:F88) -> 72.5 | H88: =G88*K值!M89 -> 76.48492 | I88: 75 | J88: 60 | K88: 50 | L88: 50 | M88: =AVERAGE(I88:L88) -> 58.75 | N88: 100 | O88: 100 | P88: 100 | Q88: 65 | R88: =AVERAGE(N88:Q88) -> 91.25 | S88: 71.143639 | T88: =AVERAGE(S88) -> 71.143639 | U88: 57.905489 | V88: 54.379676 | W88: 99.512133 | X88: =AVERAGE(U88:W88) -> 70.599099 | Y88: 11.961903 | Z88: 1.98056 | AA88: 3.8988437 | AB88: 56.947505 | AC88: =AVERAGE(Y88:AB88) -> 18.697203 | AD88: 3.8021071 | AE88: 0 | AF88: 9.7046414 | AG88: 7.8595407 | AH88: 13.015732 | AI88: =AVERAGE(AD88:AH88) -> 6.8764043 | AJ88: =AVERAGE(T88,X88,AC88,AI88) -> 41.829086 | AK88: =AJ88*K值!M89 -> 44.128198 | AL88: 50 | AM88: 0 | AN88: =AVERAGE(AL88:AM88) -> 25 | AP88: =(H88*0.2)+(M88*0.2)+(R88*0.1)+(AK88*0.4)+(AN88*0.1) -> 56.323263
A89: 厦门市 | B89: 2 | C89: 35 | D89: 40 | E89: 15 | F89: 15 | G89: =AVERAGE(C89:F89) -> 26.25 | H89: =G89*K值!M90 -> 27.692816 | I89: 50 | J89: 40 | K89: 25 | L89: 75 | M89: =AVERAGE(I89:L89) -> 47.5 | N89: 100 | O89: 65 | P89: 100 | Q89: 65 | R89: =AVERAGE(N89:Q89) -> 82.5 | S89: 39.144936 | T89: =AVERAGE(S89) -> 39.144936 | U89: 4.6713376 | V89: 58.817547 | W89: 97.734902 | X89: =AVERAGE(U89:W89) -> 53.741262 | Y89: 65.669109 | Z89: 12.329313 | AA89: 29.84115 | AB89: 27.919691 | AC89: =AVERAGE(Y89:AB89) -> 33.939816 | AD89: 31.567647 | AE89: 44.595279 | AF89: 69.198312 | AG89: 90.384718 | AH89: 43.385775 | AI89: =AVERAGE(AD89:AH89) -> 55.826346 | AJ89: =AVERAGE(T89,X89,AC89,AI89) -> 45.66309 | AK89: =AJ89*K值!M90 -> 48.172935 | AL89: 50 | AM89: 25 | AN89: =AVERAGE(AL89:AM89) -> 37.5 | AP89: =(H89*0.2)+(M89*0.2)+(R89*0.1)+(AK89*0.4)+(AN89*0.1) -> 46.307737
A90: 昭通市 | B90: 4 | C90: 65 | D90: 80 | E90: 75 | F90: 30 | G90: =AVERAGE(C90:F90) -> 62.5 | H90: =G90*K值!M91 -> 65.935276 | I90: 0 | J90: 40 | K90: 25 | L90: 0 | M90: =AVERAGE(I90:L90) -> 16.25 | N90: 0 | O90: 65 | P90: 35 | Q90: 65 | R90: =AVERAGE(N90:Q90) -> 41.25 | S90: 89.56607 | T90: =AVERAGE(S90) -> 89.56607 | U90: 79.432253 | V90: 81.541656 | W90: 20.129149 | X90: =AVERAGE(U90:W90) -> 60.367686 | Y90: 2.750821 | Z90: NA | AA90: 7.3478208 | AB90: 20.026508 | AC90: =AVERAGE(Y90:AB90) -> 10.041717 | AD90: 1.6589876 | AE90: 0 | AF90: 45.991561 | AG90: 39.297703 | AH90: 6.5078662 | AI90: =AVERAGE(AD90:AH90) -> 18.691224 | AJ90: =AVERAGE(T90,X90,AC90,AI90) -> 44.666674 | AK90: =AJ90*K值!M91 -> 47.121752 | AL90: 25 | AM90: 0 | AN90: =AVERAGE(AL90:AM90) -> 12.5 | AP90: =(H90*0.2)+(M90*0.2)+(R90*0.1)+(AK90*0.4)+(AN90*0.1) -> 40.660756
A91: 漳州市 | B91: 3 | C91: 65 | D91: 100 | E91: 100 | F91: 100 | G91: =AVERAGE(C91:F91) -> 91.25 | H91: =G91*K值!M92 -> 96.265503 | I91: 50 | J91: 60 | K91: 0 | L91: 0 | M91: =AVERAGE(I91:L91) -> 27.5 | N91: 65 | O91: 35 | P91: 35 | Q91: 65 | R91: =AVERAGE(N91:Q91) -> 50 | S91: 71.013544 | T91: =AVERAGE(S91) -> 71.013544 | U91: 49.503748 | V91: 46.511984 | W91: 98.013683 | X91: =AVERAGE(U91:W91) -> 64.676471 | Y91: 3.8197675 | Z91: 0.85238218 | AA91: 17.76973 | AB91: 20.016704 | AC91: =AVERAGE(Y91:AB91) -> 10.614646 | AD91: 4.862259 | AE91: 0 | AF91: 61.181435 | AG91: 100 | AH91: 15.185021 | AI91: =AVERAGE(AD91:AH91) -> 36.245743 | AJ91: =AVERAGE(T91,X91,AC91,AI91) -> 45.637601 | AK91: =AJ91*K值!M92 -> 48.146045 | AL91: 50 | AM91: 0 | AN91: =AVERAGE(AL91:AM91) -> 25 | AP91: =(H91*0.2)+(M91*0.2)+(R91*0.1)+(AK91*0.4)+(AN91*0.1) -> 51.511519
A92: 岳阳市 | B92: 2 | C92: 65 | D92: 100 | E92: 75 | F92: 45 | G92: =AVERAGE(C92:F92) -> 71.25 | H92: =G92*K值!M93 -> 75.166215 | I92: 25 | J92: 40 | K92: 25 | L92: 25 | M92: =AVERAGE(I92:L92) -> 28.75 | N92: 35 | O92: 35 | P92: 35 | Q92: 35 | R92: =AVERAGE(N92:Q92) -> 35 | S92: 66.556489 | T92: =AVERAGE(S92) -> 66.556489 | U92: 66.524594 | V92: 54.35509 | W92: 99.512133 | X92: =AVERAGE(U92:W92) -> 73.463939 | Y92: 14.874537 | Z92: 3.0504424 | AA92: 6.0731988 | AB92: 41.802881 | AC92: =AVERAGE(Y92:AB92) -> 16.450265 | AD92: 4.7094246 | AE92: 0 | AF92: 60.759494 | AG92: 19.648852 | AH92: 0 | AI92: =AVERAGE(AD92:AH92) -> 17.023554 | AJ92: =AVERAGE(T92,X92,AC92,AI92) -> 43.373562 | AK92: =AJ92*K值!M93 -> 45.757564 | AL92: 50 | AM92: 0 | AN92: =AVERAGE(AL92:AM92) -> 25 | AP92: =(H92*0.2)+(M92*0.2)+(R92*0.1)+(AK92*0.4)+(AN92*0.1) -> 45.086269
A93: 宜春市 | B93: 3 | C93: 65 | D93: 100 | E93: 100 | F93: 75 | G93: =AVERAGE(C93:F93) -> 85 | H93: =G93*K值!M94 -> 89.671975 | I93: 50 | J93: 40 | K93: 25 | L93: 25 | M93: =AVERAGE(I93:L93) -> 35 | N93: 65 | O93: 35 | P93: 65 | Q93: 35 | R93: =AVERAGE(N93:Q93) -> 50 | S93: 77.890824 | T93: =AVERAGE(S93) -> 77.890824 | U93: 71.068413 | V93: 73.428098 | W93: 94.807698 | X93: =AVERAGE(U93:W93) -> 79.76807 | Y93: 4.3959198 | Z93: 0.84574532 | AA93: 5.69831 | AB93: 24.779823 | AC93: =AVERAGE(Y93:AB93) -> 8.9299496 | AD93: 4.1702848 | AE93: 0 | AF93: 62.025316 | AG93: 39.297703 | AH93: 32.539331 | AI93: =AVERAGE(AD93:AH93) -> 27.606527 | AJ93: =AVERAGE(T93,X93,AC93,AI93) -> 48.548843 | AK93: =AJ93*K值!M94 -> 51.217301 | AL93: 50 | AM93: 75 | AN93: =AVERAGE(AL93:AM93) -> 62.5 | AP93: =(H93*0.2)+(M93*0.2)+(R93*0.1)+(AK93*0.4)+(AN93*0.1) -> 56.671316
A94: 亳州市 | B94: 3 | C94: 65 | D94: 100 | E94: 45 | F94: 30 | G94: =AVERAGE(C94:F94) -> 60 | H94: =G94*K值!M95 -> 63.297865 | I94: 75 | J94: 40 | K94: 25 | L94: 50 | M94: =AVERAGE(I94:L94) -> 47.5 | N94: 100 | O94: 35 | P94: 65 | Q94: 65 | R94: =AVERAGE(N94:Q94) -> 66.25 | S94: 84.967337 | T94: =AVERAGE(S94) -> 84.967337 | U94: 79.183925 | V94: 58.608561 | W94: 98.95457 | X94: =AVERAGE(U94:W94) -> 78.915685 | Y94: 1.507803 | Z94: 0.60275674 | AA94: 8.3975094 | AB94: 40.465436 | AC94: =AVERAGE(Y94:AB94) -> 12.743376 | AD94: 7.725169 | AE94: 0 | AF94: 77.21519 | AG94: 47.157244 | AH94: 6.5078662 | AI94: =AVERAGE(AD94:AH94) -> 27.721094 | AJ94: =AVERAGE(T94,X94,AC94,AI94) -> 51.086873 | AK94: =AJ94*K值!M95 -> 53.894833 | AL94: 25 | AM94: 0 | AN94: =AVERAGE(AL94:AM94) -> 12.5 | AP94: =(H94*0.2)+(M94*0.2)+(R94*0.1)+(AK94*0.4)+(AN94*0.1) -> 51.592506
A95: 平顶山市 | B95: 3 | C95: 100 | D95: 100 | E95: 75 | F95: 75 | G95: =AVERAGE(C95:F95) -> 87.5 | H95: =G95*K值!M96 -> 92.309387 | I95: 0 | J95: 40 | K95: 0 | L95: 0 | M95: =AVERAGE(I95:L95) -> 10 | N95: 65 | O95: 0 | P95: 35 | Q95: 35 | R95: =AVERAGE(N95:Q95) -> 33.75 | S95: 74.808799 | T95: =AVERAGE(S95) -> 74.808799 | U95: 67.123993 | V95: 73.360485 | W95: 96.619776 | X95: =AVERAGE(U95:W95) -> 79.034751 | Y95: 5.2344054 | Z95: 1.1590918 | AA95: 5.9232433 | AB95: 30.015478 | AC95: =AVERAGE(Y95:AB95) -> 10.583055 | AD95: 6.7684695 | AE95: 0 | AF95: 51.054852 | AG95: 7.8595407 | AH95: 8.677155 | AI95: =AVERAGE(AD95:AH95) -> 14.872003 | AJ95: =AVERAGE(T95,X95,AC95,AI95) -> 44.824652 | AK95: =AJ95*K值!M96 -> 47.288413 | AL95: 25 | AM95: 0 | AN95: =AVERAGE(AL95:AM95) -> 12.5 | AP95: =(H95*0.2)+(M95*0.2)+(R95*0.1)+(AK95*0.4)+(AN95*0.1) -> 44.002242
A96: 宿迁市 | B96: 3 | C96: 65 | D96: 80 | E96: 75 | F96: 60 | G96: =AVERAGE(C96:F96) -> 70 | H96: =G96*K值!M97 -> 73.847509 | I96: 50 | J96: 60 | K96: 25 | L96: 50 | M96: =AVERAGE(I96:L96) -> 46.25 | N96: 100 | O96: 35 | P96: 100 | Q96: 100 | R96: =AVERAGE(N96:Q96) -> 83.75 | S96: 77.232632 | T96: =AVERAGE(S96) -> 77.232632 | U96: 66.941238 | V96: 80.13715 | W96: 100 | X96: =AVERAGE(U96:W96) -> 82.359463 | Y96: 16.123685 | Z96: 0.21832705 | AA96: 16.120219 | AB96: 17.745626 | AC96: =AVERAGE(Y96:AB96) -> 12.551964 | AD96: 6.0961857 | AE96: 0 | AF96: 68.35443 | AG96: 47.157244 | AH96: 8.677155 | AI96: =AVERAGE(AD96:AH96) -> 26.057003 | AJ96: =AVERAGE(T96,X96,AC96,AI96) -> 49.550265 | AK96: =AJ96*K值!M97 -> 52.273767 | AL96: 50 | AM96: 0 | AN96: =AVERAGE(AL96:AM96) -> 25 | AP96: =(H96*0.2)+(M96*0.2)+(R96*0.1)+(AK96*0.4)+(AN96*0.1) -> 55.804009
A97: 咸阳市 | B97: 2 | C97: 65 | D97: 100 | E97: 75 | F97: 60 | G97: =AVERAGE(C97:F97) -> 75 | H97: =G97*K值!M98 -> 79.122331 | I97: 50 | J97: 60 | K97: 50 | L97: 50 | M97: =AVERAGE(I97:L97) -> 52.5 | N97: 65 | O97: 35 | P97: 65 | Q97: 65 | R97: =AVERAGE(N97:Q97) -> 57.5 | S97: 48.034585 | T97: =AVERAGE(S97) -> 48.034585 | U97: 51.151489 | V97: 51.862629 | W97: 98.083378 | X97: =AVERAGE(U97:W97) -> 67.032499 | Y97: 6.9432487 | Z97: 1.0727764 | AA97: 9.7471092 | AB97: 95.012611 | AC97: =AVERAGE(Y97:AB97) -> 28.193936 | AD97: 5.0663507 | AE97: 0 | AF97: 28.691983 | AG97: 7.8595407 | AH97: 6.5078662 | AI97: =AVERAGE(AD97:AH97) -> 9.6251481 | AJ97: =AVERAGE(T97,X97,AC97,AI97) -> 38.221542 | AK97: =AJ97*K值!M98 -> 40.322367 | AL97: 50 | AM97: 0 | AN97: =AVERAGE(AL97:AM97) -> 25 | AP97: =(H97*0.2)+(M97*0.2)+(R97*0.1)+(AK97*0.4)+(AN97*0.1) -> 50.703413
A98: 桂林市 | B98: 2 | C98: 65 | D98: 100 | E98: 75 | F98: 75 | G98: =AVERAGE(C98:F98) -> 78.75 | H98: =G98*K值!M99 -> 83.078448 | I98: 0 | J98: 40 | K98: 25 | L98: 0 | M98: =AVERAGE(I98:L98) -> 16.25 | N98: 0 | O98: 35 | P98: 65 | Q98: 35 | R98: =AVERAGE(N98:Q98) -> 33.75 | S98: 91.975466 | T98: =AVERAGE(S98) -> 91.975466 | U98: 99.900378 | V98: 37.129146 | W98: 95.191022 | X98: =AVERAGE(U98:W98) -> 77.406849 | Y98: 11.854028 | Z98: 1.2171697 | AA98: 12.07142 | AB98: 42.334766 | AC98: =AVERAGE(Y98:AB98) -> 16.869346 | AD98: 12.042662 | AE98: 0 | AF98: 52.320675 | AG98: 15.719081 | AH98: 15.185021 | AI98: =AVERAGE(AD98:AH98) -> 19.053488 | AJ98: =AVERAGE(T98,X98,AC98,AI98) -> 51.326287 | AK98: =AJ98*K值!M99 -> 54.147406 | AL98: 25 | AM98: 0 | AN98: =AVERAGE(AL98:AM98) -> 12.5 | AP98: =(H98*0.2)+(M98*0.2)+(R98*0.1)+(AK98*0.4)+(AN98*0.1) -> 46.149652
A99: 绵阳市 | B99: 2 | C99: 100 | D99: 100 | E99: 60 | F99: 60 | G99: =AVERAGE(C99:F99) -> 80 | H99: =G99*K值!M100 -> 84.397153 | I99: 25 | J99: 60 | K99: 50 | L99: 50 | M99: =AVERAGE(I99:L99) -> 46.25 | N99: 65 | O99: 65 | P99: 100 | Q99: 100 | R99: =AVERAGE(N99:Q99) -> 82.5 | S99: 51.804709 | T99: =AVERAGE(S99) -> 51.804709 | U99: 64.939151 | V99: 57.403821 | W99: 99.40759 | X99: =AVERAGE(U99:W99) -> 73.916854 | Y99: 13.924499 | Z99: 0.63780513 | AA99: 12.896175 | AB99: 53.819446 | AC99: =AVERAGE(Y99:AB99) -> 20.319481 | AD99: 6.0771205 | AE99: 14.865093 | AF99: 66.244726 | AG99: 11.789311 | AH99: 15.185021 | AI99: =AVERAGE(AD99:AH99) -> 22.832254 | AJ99: =AVERAGE(T99,X99,AC99,AI99) -> 42.218325 | AK99: =AJ99*K值!M100 -> 44.53883 | AL99: 50 | AM99: 0 | AN99: =AVERAGE(AL99:AM99) -> 25 | AP99: =(H99*0.2)+(M99*0.2)+(R99*0.1)+(AK99*0.4)+(AN99*0.1) -> 54.694963
A100: 开封市 | B100: 2 | C100: 65 | D100: 100 | E100: 100 | F100: 75 | G100: =AVERAGE(C100:F100) -> 85 | H100: =G100*K值!M101 -> 89.671975 | I100: 50 | J100: 60 | K100: 25 | L100: 0 | M100: =AVERAGE(I100:L100) -> 33.75 | N100: 65 | O100: 65 | P100: 35 | Q100: 65 | R100: =AVERAGE(N100:Q100) -> 57.5 | S100: 74.750267 | T100: =AVERAGE(S100) -> 74.750267 | U100: 75.070037 | V100: 69.125453 | W100: 98.745484 | X100: =AVERAGE(U100:W100) -> 80.980325 | Y100: 4.7820645 | Z100: 1.1656198 | AA100: 6.5980431 | AB100: 48.886567 | AC100: =AVERAGE(Y100:AB100) -> 15.358074 | AD100: 8.7525037 | AE100: 0 | AF100: 70.886076 | AG100: 23.578622 | AH100: 8.677155 | AI100: =AVERAGE(AD100:AH100) -> 22.378871 | AJ100: =AVERAGE(T100,X100,AC100,AI100) -> 48.366884 | AK100: =AJ100*K值!M101 -> 51.025342 | AL100: 50 | AM100: 0 | AN100: =AVERAGE(AL100:AM100) -> 25 | AP100: =(H100*0.2)+(M100*0.2)+(R100*0.1)+(AK100*0.4)+(AN100*0.1) -> 53.344532
A101: 江门市 | B101: 2 | C101: 65 | D101: 100 | E101: 75 | F101: 75 | G101: =AVERAGE(C101:F101) -> 78.75 | H101: =G101*K值!M102 -> 83.078448 | I101: 0 | J101: 40 | K101: 50 | L101: 25 | M101: =AVERAGE(I101:L101) -> 28.75 | N101: 0 | O101: 35 | P101: 35 | Q101: 35 | R101: =AVERAGE(N101:Q101) -> 26.25 | S101: 63.830079 | T101: =AVERAGE(S101) -> 63.830079 | U101: 44.208305 | V101: 35.67854 | W101: 97.421273 | X101: =AVERAGE(U101:W101) -> 59.102706 | Y101: 6.5742661 | Z101: 1.2335116 | AA101: 28.041683 | AB101: 12.477983 | AC101: =AVERAGE(Y101:AB101) -> 12.081861 | AD101: 9.8682885 | AE101: 0 | AF101: 45.56962 | AG101: 31.438163 | AH101: 13.015732 | AI101: =AVERAGE(AD101:AH101) -> 19.978361 | AJ101: =AVERAGE(T101,X101,AC101,AI101) -> 38.748252 | AK101: =AJ101*K值!M102 -> 40.878027 | AL101: 50 | AM101: 0 | AN101: =AVERAGE(AL101:AM101) -> 25 | AP101: =(H101*0.2)+(M101*0.2)+(R101*0.1)+(AK101*0.4)+(AN101*0.1) -> 43.8419
...

Sheet K值
A1: 城市特征指标值数据收集表（暂以2020年为基准）
A2: 城市 | B2: 居民Po | C2: 按ln值
B3: 平均受教育年限（15岁以上）（年） | C3: ln(k) | D3: Median | E3: 均值 | F3: 方差 | G3: μ+σ | H3: max | I3: μ-σ | J3: min | K3: 最大值 | L3: 最小值 | M3: 最终修正系数
A4: 重庆市 | B4: =VLOOKUP(A4,'[1]统计年鉴数据-徐 '!$A:$H,8,0) -> 9.47 | C4: =LN(B4) -> 2.2481289 | D4: =MEDIAN(C4:C299) -> 2.3267754 | E4: =AVERAGE(C4:C299) -> 2.3104554 | F4: =STDEVP(C4:C299) -> 0.10490668 | G4: =E4+F4 -> 2.415362 | H4: =MAX(C4:C299) -> 2.5022553 | I4: =E4-F4 -> 2.2055487 | J4: =MIN(C4:C299) -> 2.0955609 | K4: =MIN(G4:H4) -> 2.415362 | L4: =MAX(I4:J4) -> 2.2055487 | M4: =IF(AND(L$4<=C4, C4<=K$4),D$4/C4,IF(C4>=K$4,D$4/K$4,D$4/L$4)) -> 1.0349831
A5: 上海市 | B5: =VLOOKUP(A5,'[1]统计年鉴数据-徐 '!$A:$H,8,0) -> 11.5 | C5: =LN(B5) -> 2.442347 | M5: =IF(AND(L$4<=C5, C5<=K$4),D$4/C5,IF(C5>=K$4,D$4/K$4,D$4/L$4)) -> 0.96332365
A6: 北京市 | B6: =VLOOKUP(A6,'[1]统计年鉴数据-徐 '!$A:$H,8,0) -> 12.21 | C6: =LN(B6) -> 2.5022553 | M6: =IF(AND(L$4<=C6, C6<=K$4),D$4/C6,IF(C6>=K$4,D$4/K$4,D$4/L$4)) -> 0.96332365
A7: 成都市 | B7: =VLOOKUP(A7,'[1]统计年鉴数据-徐 '!$A:$H,8,0) -> 10.51 | C7: =LN(B7) -> 2.3523272 | M7: =IF(AND(L$4<=C7, C7<=K$4),D$4/C7,IF(C7>=K$4,D$4/K$4,D$4/L$4)) -> 0.98913764
A8: 广州市 | B8: =VLOOKUP(A8,'[1]统计年鉴数据-徐 '!$A:$H,8,0) -> 11.2 | C8: =LN(B8) -> 2.4159138 | M8: =IF(AND(L$4<=C8, C8<=K$4),D$4/C8,IF(C8>=K$4,D$4/K$4,D$4/L$4)) -> 0.96332365
A9: 深圳市 | B9: =VLOOKUP(A9,'[1]统计年鉴数据-徐 '!$A:$H,8,0) -> 11.38 | C9: =LN(B9) -> 2.4318574 | M9: =IF(AND(L$4<=C9, C9<=K$4),D$4/C9,IF(C9>=K$4,D$4/K$4,D$4/L$4)) -> 0.96332365
A10: 天津市 | B10: =VLOOKUP(A10,'[1]统计年鉴数据-徐 '!$A:$H,8,0) -> 10.87 | C10: =LN(B10) -> 2.3860067 | M10: =IF(AND(L$4<=C10, C10<=K$4),D$4/C10,IF(C10>=K$4,D$4/K$4,D$4/L$4)) -> 0.97517554
A11: 苏州市 | B11: =VLOOKUP(A11,'[1]统计年鉴数据-徐 '!$A:$H,8,0) -> 10.3 | C11: =LN(B11) -> 2.3321439 | M11: =IF(AND(L$4<=C11, C11<=K$4),D$4/C11,IF(C11>=K$4,D$4/K$4,D$4/L$4)) -> 0.99769803
A12: 郑州市 | B12: =VLOOKUP(A12,'[1]统计年鉴数据-徐 '!$A:$H,8,0) -> 11.11 | C12: =LN(B12) -> 2.4078456 | M12: =IF(AND(L$4<=C12, C12<=K$4),D$4/C12,IF(C12>=K$4,D$4/K$4,D$4/L$4)) -> 0.9663308
A13: 武汉市 | B13: =VLOOKUP(A13,'[1]统计年鉴数据-徐 '!$A:$H,8,0) -> 11.54 | C13: =LN(B13) -> 2.4458193 | M13: =IF(AND(L$4<=C13, C13<=K$4),D$4/C13,IF(C13>=K$4,D$4/K$4,D$4/L$4)) -> 0.96332365
A14: 西安市 | B14: =VLOOKUP(A14,'[1]统计年鉴数据-徐 '!$A:$H,8,0) -> 11.38 | C14: =LN(B14) -> 2.4318574 | M14: =IF(AND(L$4<=C14, C14<=K$4),D$4/C14,IF(C14>=K$4,D$4/K$4,D$4/L$4)) -> 0.96332365
A15: 杭州市 | B15: =VLOOKUP(A15,'[1]统计年鉴数据-徐 '!$A:$H,8,0) -> 10.76 | C15: =LN(B15) -> 2.3758356 | M15: =IF(AND(L$4<=C15, C15<=K$4),D$4/C15,IF(C15>=K$4,D$4/K$4,D$4/L$4)) -> 0.97935035
A16: 保定市 | B16: =VLOOKUP(A16,'[1]统计年鉴数据-徐 '!$A:$H,8,0) -> 9.19 | C16: =LN(B16) -> 2.2181159 | M16: =IF(AND(L$4<=C16, C16<=K$4),D$4/C16,IF(C16>=K$4,D$4/K$4,D$4/L$4)) -> 1.0489873
... A39: 南宁市 | B39: =VLOOKUP(A39,'[1]统计年鉴数据-徐 '!$A:$H,8,0) -> 10.06 | C39: =LN(B39) -> 2.3085672 | M39: =IF(AND(L$4<=C39, C39<=K$4),D$4/C39,IF(C39>=K$4,D$4/K$4,D$4/L$4)) -> 1.0078872
A40: 昆明市 | B40: =VLOOKUP(A40,'[1]统计年鉴数据-徐 '!$A:$H,8,0) -> 10.22 | M40: =IF(AND(L$4<=C40, C40<=K$4),D$4/C40,IF(C40>=K$4,D$4/K$4,D$4/L$4)) -> 1.0549644
A41: 济宁市 | B41: =VLOOKUP(A41,'[1]统计年鉴数据-徐 '!$A:$H,8,0) -> 8.97 | M41: =IF(AND(L$4<=C41, C41<=K$4),D$4/C41,IF(C41>=K$4,D$4/K$4,D$4/L$4)) -> 1.0549644
A42: 福州市 | B42: =VLOOKUP(A42,'[1]统计年鉴数据-徐 '!$A:$H,8,0) -> 9.95 | M42: =IF(AND(L$4<=C42, C42<=K$4),D$4/C42,IF(C42>=K$4,D$4/K$4,D$4/L$4)) -> 1.0549644
A43: 阜阳市 | B43: =VLOOKUP(A43,'[1]统计年鉴数据-徐 '!$A:$H,8,0) -> 8.18 | M43: =IF(AND(L$4<=C43, C43<=K$4),D$4/C43,IF(C43>=K$4,D$4/K$4,D$4/L$4)) -> 1.0549644
A44: 商丘市 | B44: =VLOOKUP(A44,'[1]统计年鉴数据-徐 '!$A:$H,8,0) -> 8.59 | M44: =IF(AND(L$4<=C44, C44<=K$4),D$4/C44,IF(C44>=K$4,D$4/K$4,D$4/L$4)) -> 1.0549644
A45: 南通市 | B45: =VLOOKUP(A45,'[1]统计年鉴数据-徐 '!$A:$H,8,0) -> 9.43 | M45: =IF(AND(L$4<=C45, C45<=K$4),D$4/C45,IF(C45>=K$4,D$4/K$4,D$4/L$4)) -> 1.0549644
A46: 唐山市 | B46: =VLOOKUP(A46,'[1]统计年鉴数据-徐 '!$A:$H,8,0) -> 9.67 | M46: =IF(AND(L$4<=C46, C46<=K$4),D$4/C46,IF(C46>=K$4,D$4/K$4,D$4/L$4)) -> 1.0549644
A47: 无锡市 | B47: =VLOOKUP(A47,'[1]统计年鉴数据-徐 '!$A:$H,8,0) -> 10.39 | M47: =IF(AND(L$4<=C47, C47<=K$4),D$4/C47,IF(C47>=K$4,D$4/K$4,D$4/L$4)) -> 1.0549644
A48: 大连市 | B48: =VLOOKUP(A48,'[1]统计年鉴数据-徐 '!$A:$H,8,0) -> 10.49 | M48: =IF(AND(L$4<=C48, C48<=K$4),D$4/C48,IF(C48>=K$4,D$4/K$4,D$4/L$4)) -> 1.0549644
A49: 沧州市 | B49: =VLOOKUP(A49,'[1]统计年鉴数据-徐 '!$A:$H,8,0) -> 8.88 | M49: =IF(AND(L$4<=C49, C49<=K$4),D$4/C49,IF(C49>=K$4,D$4/K$4,D$4/L$4)) -> 1.0549644
A50: 邢台市 | B50: =VLOOKUP(A50,'[1]统计年鉴数据-徐 '!$A:$H,8,0) -> 8.84 | M50: =IF(AND(L$4<=C50, C50<=K$4),D$4/C50,IF(C50>=K$4,D$4/K$4,D$4/L$4)) -> 1.0549644
A51: 烟台市 | B51: =VLOOKUP(A51,'[1]统计年鉴数据-徐 '!$A:$H,8,0) -> 10.01 | M51: =IF(AND(L$4<=C51, C51<=K$4),D$4/C51,IF(C51>=K$4,D$4/K$4,D$4/L$4)) -> 1.0549644
... A299: 林芝市 | B299: =VLOOKUP(A299,'[1]统计年鉴数据-徐 '!$A:$H,8,0) -> 7.73 | M299: =IF(AND(L$4<=C299, C299<=K$4),D$4/C299,IF(C299>=K$4,D$4/K$4,D$4/L$4)) -> 1.0549644

Sheet 城市分组
A1: 城市 | B1: 分组 | D1: 城市 | E1: 分组
A2: 重庆市 | B2: 1 | D2: 重庆市 | E2: {=INDEX(B2:B298, MATCH(D2:D297,A2:A298,0))} -> 1
A3: 成都市 | B3: 1 | D3: 上海市 | E3: 1
A4: 上海市 | B4: 1 | D4: 北京市 | E4: 1
A5: 北京市 | B5: 1 | D5: 成都市 | E5: 1
A6: 周口市 | B6: 3 | D6: 广州市 | E6: 1
A7: 南阳市 | B7: 3 | D7: 深圳市 | E7: 1
A8: 保定市 | B8: 2 | D8: 天津市 | E8: 1
A9: 临沂市 | B9: 2 | D9: 苏州市 | E9: 2
A10: 天津市 | B10: 1 | D10: 郑州市 | E10: 1
A11: 阜阳市 | B11: 3 | D11: 武汉市 | E11: 1
A12: 邯郸市 | B12: 2 | D12: 西安市 | E12: 1
A13: 石家庄市 | B13: 2 | D13: 杭州市 | E13: 1
A14: 徐州市 | B14: 2 | D14: 保定市 | E14: 2
... A297: 吐鲁番市 | B297: 4 | D297: 林芝市 | E297: 4
A298: 哈密市 | B298: 4

Sheet Sheet1
A1: 得分 城市 | B1: 城市分类 | C1: P | E1: 得分 城市 | F1: 城市分类 | G1: I | I1: 得分 城市 | J1: 城市分类 | K1: C | M1: 得分 城市 | N1: 城市分类 | O1: O | Q1: 得分 城市 | R1: 城市分类 | S1: F | V1: 得分 城市 | W1: 城市分类
A2: 天津市 | B2: 1 | C2: 97.517554 | E2: 北京市 | F2: 1 | G2: 82.5 | I2: 北京市 | J2: 1 | K2: 91.25 | M2: 北京市 | N2: 1 | O2: 58.758562 | Q2: 北京市 | R2: 1 | S2: 87.5 | V2: 乌鲁木齐市 | W2: 2 | X2: #DIV/0!
A3: 深圳市 | B3: 1 | C3: 87.903283 | E3: 杭州市 | F3: 1 | G3: 76.25 | I3: 深圳市 | J3: 1 | K3: 91.25 | M3: 大连市 | N3: 1 | O3: 55.069527 | Q3: 成都市 | R3: 1 | S3: 87.5 | V3: 普洱市 | W3: 4 | X3: #N/A
A4: 东莞市 | B4: 1 | C4: 85.633561 | E4: 成都市 | F4: 1 | G4: 68.75 | I4: 西安市 | J4: 1 | K4: 91.25 | M4: 重庆市 | N4: 1 | O4: 54.826994 | Q4: 重庆市 | R4: 1 | S4: 50 | V4: 资阳市 | W4: 4 | X4: #N/A
A5: 上海市 | B5: 1 | C5: 85.494974 | E5: 昆明市 | F5: 1 | G5: 66.25 | I5: 杭州市 | J5: 1 | K5: 83.75 | M5: 哈尔滨市 | N5: 1 | O5: 53.708488 | Q5: 上海市 | R5: 1 | S5: 50 | V5: 北京市 | W5: 1 | X5: 65.041603
A6: 成都市 | B6: 1 | C6: 85.313122 | E6: 深圳市 | F6: 1 | G6: 58.75 | I6: 上海市 | J6: 1 | K6: 82.5 | M6: 上海市 | N6: 1 | O6: 52.32033 | Q6: 广州市 | R6: 1 | S6: 50 | V6: 金华市 | W6: 3 | X6: 62.288131
A7: 北京市 | B7: 1 | C7: 84.290819 | E7: 上海市 | F7: 1 | G7: 56.25 | I7: 成都市 | J7: 1 | K7: 82.5 | M7: 昆明市 | N7: 1 | O7: 52.042985 | Q7: 天津市 | R7: 1 | S7: 50 | V7: 湖州市 | W7: 3 | X7: 60.605492
A8: 大连市 | B8: 1 | C8: 83.078448 | E8: 广州市 | F8: 1 | G8: 51.25 | I8: 武汉市 | J8: 1 | K8: 75 | M8: 郑州市 | N8: 1 | O8: 51.952445 | Q8: 郑州市 | R8: 1 | S8: 50 | V8: 广安市 | W8: 4 | X8: 59.360329
A9: 重庆市 | B9: 1 | C9: 82.798646 | E9: 武汉市 | F9: 1 | G9: 50 | I9: 济南市 | J9: 1 | K9: 75 | M9: 东莞市 | N9: 1 | O9: 51.188441 | Q9: 武汉市 | R9: 1 | S9: 50 | V9: 铜陵市 | W9: 3 | X9: 58.874907
A10: 杭州市 | B10: 1 | C10: 80.796403 | E10: 天津市 | F10: 1 | G10: 46.25 | I10: 青岛市 | J10: 1 | K10: 73.75 | M10: 杭州市 | N10: 1 | O10: 50.616432 | Q10: 东莞市 | R10: 1 | S10: 50 | V10: 襄阳市 | W10: 2 | X10: 58.705802
A11: 武汉市 | B11: 1 | C11: 79.474201 | E11: 济南市 | F11: 1 | G11: 46.25 | I11: 昆明市 | J11: 1 | K11: 73.75 | M11: 沈阳市 | N11: 1 | O11: 49.541451 | Q11: 深圳市 | R11: 1 | S11: 37.5 | V11: 杭州市 | W11: 1 | X11: 58.33
A12: 广州市 | B12: 1 | C12: 78.270046 | E12: 哈尔滨市 | F12: 1 | G12: 43.75 | I12: 广州市 | J12: 1 | K12: 58.75 | M12: 青岛市 | N12: 1 | O12: 48.519001 | Q12: 南京市 | R12: 1 | S12: 37.5 | V12: 吉林市 | W12: 2 | X12: 57.894905
A13: 长沙市 | B13: 1 | C13: 77.568494 | E13: 青岛市 | F13: 1 | G13: 41.25 | I13: 郑州市 | J13: 1 | K13: 58.75 | M13: 佛山市 | N13: 1 | O13: 47.626803 | Q13: 济南市 | R13: 1 | S13: 37.5 | V13: 温州市 | W13: 2 | X13: 57.872507
A14: 佛山市 | B14: 1 | C14: 76.686709 | E14: 长沙市 | F14: 1 | G14: 41.25 | I14: 天津市 | J14: 1 | K14: 57.5 | M14: 西安市 | N14: 1 | O14: 44.113102 | Q14: 西安市 | R14: 1 | S14: 25 | V14: 中山市 | W14: 2 | X14: 57.714603
A15: 青岛市 | B15: 1 | C15: 75.667531 | E15: 东莞市 | F15: 1 | G15: 33.75 | I15: 沈阳市 | J15: 1 | K15: 57.5 | M15: 长沙市 | N15: 1 | O15: 43.681611 | Q15: 杭州市 | R15: 1 | S15: 25 | V15: 宁波市 | W15: 2 | X15: 57.366781
A16: 西安市 | B16: 1 | C16: 74.657583 | E16: 郑州市 | F16: 1 | G16: 28.75 | I16: 东莞市 | J16: 1 | K16: 51.25 | M16: 武汉市 | N16: 1 | O16: 42.651165 | Q16: 青岛市 | R16: 1 | S16: 25 | V16: 南阳市 | W16: 3 | X16: 57.186638
... A22: 哈尔滨市 | B22: 1 | C22: 56.403941 | E22: 大连市 | F22: 1 | G22: 6.25 | I22: 大连市 | J22: 1 | K22: 8.75 | M22: 广州市 | N22: 1 | O22: 31.157836 | Q22: 佛山市 | R22: 1 | S22: 0 | V22: 丽水市 | W22: 4 | X22: 56.003249
A23: 淄博市 | B23: 2 | C23: 105.49644 | E23: 吉林市 | F23: 2 | G23: 81.25 | I23: 吉林市 | J23: 2 | K23: 100 | M23: 乌鲁木齐市 | N23: 2 | O23: #DIV/0! | Q23: 福州市 | R23: 2 | S23: 62.5 | V23: 鹰潭市 | W23: 4 | X23: 55.889069
A24: 柳州市 | B24: 2 | C24: 105.49644 | E24: 襄阳市 | F24: 2 | G24: 75 | I24: 临沂市 | J24: 2 | K24: 91.25 | M24: 临沂市 | N24: 2 | O24: 62.029623 | Q24: 赤峰市 | R24: 2 | S24: 62.5 | V24: 武威市 | W24: 4 | X24: 55.879585
A25: 宁波市 | B25: 2 | C25: 102.40521 | E25: 十堰市 | F25: 2 | G25: 75 | I25: 温州市 | J25: 2 | K25: 83.75 | M25: 中山市 | N25: 2 | O25: 59.934783 | Q25: 石家庄市 | R25: 2 | S25: 50 | V25: 商丘市 | W25: 3 | X25: 55.649573
A26: 温州市 | B26: 2 | C26: 98.902914 | E26: 银川市 | F26: 2 | G26: 68.75 | I26: 济宁市 | J26: 2 | K26: 83.75 | M26: 唐山市 | N26: 2 | O26: 57.72341 | Q26: 潍坊市 | R26: 2 | S26: 50 | V26: 晋中市 | W26: 3 | X26: 55.487764
A27: 南昌市 | B27: 2 | C27: 98.902914 | E27: 扬州市 | F27: 2 | G27: 65 | I27: 大同市 | J27: 2 | K27: 83.75 | M27: 烟台市 | N27: 2 | O27: 56.357137 | Q27: 无锡市 | R27: 2 | S27: 50 | V27: 阜阳市 | W27: 3 | X27: 55.299305
A28: 济宁市 | B28: 2 | C28: 96.265503 | E28: 温州市 | F28: 2 | G28: 58.75 | I28: 宁波市 | J28: 2 | K28: 82.5 | M28: 桂林市 | N28: 2 | O28: 55.403703 | Q28: 邢台市 | R28: 2 | S28: 50 | V28: 潍坊市 | W28: 2 | X28: 55.215894
A29: 惠州市 | B29: 2 | C29: 96.265503 | E29: 芜湖市 | F29: 2 | G29: 58.75 | I29: 绵阳市 | J29: 2 | K29: 82.5 | M29: 襄阳市 | N29: 2 | O29: 54.881752 | Q29: 湛江市 | R29: 2 | S29: 50 | V29: 济宁市 | W29: 2 | X29: 55.016245
A30: 聊城市 | B30: 2 | C30: 96.265503 | E30: 大同市 | F30: 2 | G30: 58.75 | I30: 中山市 | J30: 2 | K30: 82.5 | M30: 徐州市 | N30: 2 | O30: 54.603989 | Q30: 上饶市 | R30: 2 | S30: 50 | V30: 威海市 | W30: 3 | X30: 54.967143
A31: 襄阳市 | B31: 2 | C31: 96.265503 | E31: 呼和浩特市 | F31: 2 | G31: 57.5 | I31: 宜昌市 | J31: 2 | K31: 82.5 | M31: 邢台市 | N31: 2 | O31: 54.218192 | Q31: 惠州市 | R31: 2 | S31: 50 | V31: 十堰市 | W31: 2 | X31: 54.675517
A32: 扬州市 | B32: 2 | C32: 96.265503 | E32: 西宁市 | F32: 2 | G32: 56.25 | I32: 芜湖市 | J32: 2 | K32: 82.5 | M32: 莆田市 | N32: 2 | O32: 53.811746 | Q32: 贵阳市 | R32: 2 | S32: 50 | V32: 吉安市 | W32: 4 | X32: 54.604249
A33: 十堰市 | B33: 2 | C33: 96.265503 | E33: 福州市 | F33: 2 | G33: 53.75 | I33: 聊城市 | J33: 2 | K33: 75 | M33: 枣庄市 | N33: 2 | O33: 53.787989 | Q33: 绍兴市 | R33: 2 | S33: 50 | V33: 周口市 | W33: 3 | X33: 54.58677
A34: 石家庄市 | B34: 2 | C34: 95.219699 | E34: 赣州市 | F34: 2 | G34: 52.5 | I34: 太原市 | J34: 2 | K34: 75 | M34: 台州市 | N34: 2 | O34: 53.651676 | Q34: 中山市 | R34: 2 | S34: 50 | V34: 赣州市 | W34: 2 | X34: 54.546232
A35: 潍坊市 | B35: 2 | C35: 93.872896 | E35: 烟台市 | F35: 2 | G35: 52.5 | I35: 襄阳市 | J35: 2 | K35: 75 | M35: 保定市 | N35: 2 | O35: 53.648589 | Q35: 芜湖市 | R35: 2 | S35: 50 | V35: 绍兴市 | W35: 2 | X35: 54.296393
... A213: 漯河市 | B213: 3 | C213: 14.505761 | E213: 鸡西市 | F213: 3 | G213: 10 | I213: 鸡西市 | J213: 3 | K213: 8.75 | M213: 北海市 | N213: 3 | O213: 28.894966 | Q213: 萍乡市 | R213: 3 | S213: 0 | V213: 白山市 | W213: 4 | X213: 41.584305
A214: 石嘴山市 | B214: 4 | C214: 105.49644 | E214: 普洱市 | F214: 4 | G214: #N/A | I214: 普洱市 | J214: 4 | K214: #N/A | M214: 武威市 | N214: 4 | O214: 59.550475 | Q214: 普洱市 | R214: 4 | S214: #N/A | V214: 江门市 | W214: 2 | X214: 41.493812
A215: 七台河市 | B215: 4 | C215: 98.902914 | E215: 资阳市 | F215: 4 | G215: #N/A | I215: 资阳市 | J215: 4 | K215: #N/A | M215: 丽水市 | N215: 4 | O215: 58.637336 | Q215: 资阳市 | R215: 4 | S215: #N/A | V215: 德阳市 | W215: 3 | X215: 41.474545
A216: 金昌市 | B216: 4 | C216: 98.902914 | E216: 安康市 | F216: 4 | G216: 65 | I216: 广安市 | J216: 4 | K216: 100 | M216: 临沧市 | N216: 4 | O216: 58.232252 | Q216: 鹰潭市 | R216: 4 | S216: 62.5 | V216: 池州市 | W216: 4 | X216: 41.444584
A217: 延安市 | B217: 4 | C217: 96.265503 | E217: 随州市 | F217: 4 | G217: 65 | I217: 丽水市 | J217: 4 | K217: 100 | M217: 广安市 | N217: 4 | O217: 58.111599 | Q217: 黄冈市 | R217: 4 | S217: 50 | V217: 大连市 | W217: 1 | X217: 41.3935
A218: 朔州市 | B218: 4 | C218: 96.265503 | E218: 武威市 | F218: 4 | G218: 58.75 | I218: 安康市 | J218: 4 | K218: 91.25 | M218: 七台河市 | N218: 4 | O218: 56.935955 | Q218: 吉安市 | R218: 4 | S218: 50 | V218: 揭阳市 | W218: 3 | X218: 41.356607
A219: 张掖市 | B219: 4 | C219: 96.265503 | E219: 广安市 | F219: 4 | G219: 57.5 | I219: 鹰潭市 | J219: 4 | K219: 75 | M219: 吉安市 | N219: 4 | O219: 56.049636 | Q219: 绥化市 | R219: 4 | S219: 50 | V219: 淮北市 | W219: 3 | X219: 41.265529
A220: 咸宁市 | B220: 4 | C220: 94.946798 | E220: 鹰潭市 | F220: 4 | G220: 53.75 | I220: 嘉峪关市 | J220: 4 | K220: 75 | M220: 定西市 | N220: 4 | O220: 55.42338 | Q220: 南平市 | R220: 4 | S220: 50 | V220: 湘潭市 | W220: 3 | X220: 41.200582
A221: 吉安市 | B221: 4 | C221: 89.671975 | E221: 吕梁市 | F221: 4 | G221: 52.5 | I221: 通辽市 | J221: 4 | K221: 67.5 | M221: 庆阳市 | N221: 4 | O221: 55.327718 | Q221: 丽水市 | R221: 4 | S221: 50 | V221: 南京市 | W221: 1 | X221: 41.08515
A222: 铜仁市 | B222: 4 | C222: 89.671975 | E222: 汕尾市 | F222: 4 | G222: 52.5 | I222: 四平市 | J222: 4 | K222: 67.5 | M222: 三门峡市 | N222: 4 | O222: 54.827775 | Q222: 广元市 | R222: 4 | S222: 50 | V222: 宁德市 | W222: 4 | X222: 41.069921
A223: 宣城市 | B223: 4 | C223: 89.671975 | E223: 铜川市 | F223: 4 | G223: 51.25 | I223: 汕尾市 | J223: 4 | K223: 66.25 | M223: 安康市 | N223: 4 | O223: 54.44615 | Q223: 随州市 | R223: 4 | S223: 50 | V223: 丽江市 | W223: 4 | X223: 40.919568
A224: 普洱市 | B224: 4 | C224: 89.671975 | E224: 丽水市 | F224: 4 | G224: 46.25 | I224: 忻州市 | J224: 4 | K224: 66.25 | M224: 陇南市 | N224: 4 | O224: 53.786118 | Q224: 雅安市 | R224: 4 | S224: 50 | V224: 酒泉市 | W224: 4 | X224: 40.738767
A225: 来宾市 | B225: 4 | C225: 89.671975 | E225: 嘉峪关市 | F225: 4 | G225: 46.25 | I225: 鄂州市 | J225: 4 | K225: 66.25 | M225: 吴忠市 | N225: 4 | O225: 53.617073 | Q225: 张掖市 | R225: 4 | S225: 50 | V225: 来宾市 | W225: 4 | X225: 40.68309
A226: 巴彦淖尔市 | B226: 4 | C226: 89.671975 | E226: 滁州市 | F226: 4 | G226: 41.25 | I226: 白山市 | J226: 4 | K226: 66.25 | M226: 普洱市 | N226: 4 | O226: 53.392365 | Q226: 金昌市 | R226: 4 | S226: 50 | V226: 钦州市 | W226: 3 | X226: 40.659761
A227: 白银市 | B227: 4 | C227: 89.671975 | E227: 保山市 | F227: 4 | G227: 41.25 | I227: 吉安市 | J227: 4 | K227: 58.75 | M227: 驻马店市 | N227: 4 | O227: 53.391646 | Q227: 广安市 | R227: 4 | S227: 37.5 | V227: 本溪市 | W227: 3 | X227: 40.567124
... A297: 乌兰察布市 | B297: 4 | C297: 27.692816 | E297: 贺州市 | F297: 4 | G297: 5 | I297: 林芝市 | J297: 4 | K297: 8.75 | M297: 日喀则市 | N297: 4 | O297: 12.979398 | Q297: 林芝市 | R297: 4 | S297: 0 | V297: 日喀则市 | W297: 4 | X297: 23.631474

Sheet Sheet2
A1: 城市 | B1: 城市类别 | C1: P（修正后） | D1: 四分位数 | F1: 城市 | G1: 城市类别 | H1: I | K1: 城市 | L1: 城市类别 | M1: C | P1: 城市 | Q1: 城市类别 | R1: O（修正后） | U1: 城市 | V1: 城市类别 | W1: A
A2: 淄博市 | B2: 2 | C2: 105.49644 | D2: =_xlfn.QUARTILE.INC(C2:C297,1) -> 69.891393 | F2: 普洱市 | G2: 4 | H2: #N/A | I2: =_xlfn.QUARTILE.INC(H4:H297,1) -> 21.25 | K2: 普洱市 | L2: 4 | M2: #N/A | N2: =_xlfn.QUARTILE.INC(M4:M297,1) -> 33.75 | P2: 乌鲁木齐市 | Q2: 2 | R2: #DIV/0! | S2: =_xlfn.QUARTILE.INC(R3:R297,1) -> 44.401179 | U2: 普洱市 | V2: 4 | W2: #N/A | X2: =_xlfn.QUARTILE.INC(W4:W297,1) -> 12.5
A3: 柳州市 | B3: 2 | C3: 105.49644 | D3: =_xlfn.QUARTILE.INC(C2:C298,2) -> 80.441037 | F3: 资阳市 | G3: 4 | H3: #N/A | I3: =_xlfn.QUARTILE.INC(H4:H298,2) -> 28.75 | K3: 资阳市 | L3: 4 | M3: #N/A | N3: =_xlfn.QUARTILE.INC(M4:M298,2) -> 50 | P3: 南阳市 | Q3: 3 | R3: 63.717929 | S3: =_xlfn.QUARTILE.INC(R3:R298,2) -> 48.234913 | U3: 资阳市 | V3: 4 | W3: #N/A | X3: =_xlfn.QUARTILE.INC(W4:W298,2) -> 25
A4: 石嘴山市 | B4: 4 | C4: 105.49644 | D4: =_xlfn.QUARTILE.INC(C2:C299,3) -> 88.35327 | F4: 北京市 | G4: 1 | H4: 82.5 | I4: =_xlfn.QUARTILE.INC(H4:H299,3) -> 43.75 | K4: 吉林市 | L4: 2 | M4: 100 | N4: =_xlfn.QUARTILE.INC(M4:M299,3) -> 66.25 | P4: 临沂市 | Q4: 2 | R4: 62.029623 | S4: =_xlfn.QUARTILE.INC(R3:R299,3) -> 51.908248 | U4: 北京市 | V4: 1 | W4: 87.5 | X4: =_xlfn.QUARTILE.INC(W4:W299,3) -> 37.5
A5: 宁波市 | B5: 2 | C5: 102.40521 | D5: =_xlfn.QUARTILE.INC(C3:C300,4) -> 105.49644 | F5: 吉林市 | G5: 2 | H5: 81.25 | I5: =_xlfn.QUARTILE.INC(H4:H300,4) -> 82.5 | K5: 广安市 | L5: 4 | M5: 100 | N5: =_xlfn.QUARTILE.INC(M4:M300,4) -> 100 | P5: 晋中市 | Q5: 3 | R5: 60.133423 | S5: =_xlfn.QUARTILE.INC(R3:R300,4) -> 63.717929 | U5: 成都市 | V5: 1 | W5: 87.5 | X5: =_xlfn.QUARTILE.INC(W4:W300,4) -> 87.5
A6: 温州市 | B6: 2 | C6: 98.902914 | F6: 杭州市 | G6: 1 | H6: 76.25 | K6: 丽水市 | L6: 4 | M6: 100 | P6: 中山市 | Q6: 2 | R6: 59.934783 | U6: 湖州市 | V6: 3 | W6: 75
A7: 商丘市 | B7: 3 | C7: 98.902914 | F7: 襄阳市 | G7: 2 | H7: 75 | K7: 铜陵市 | L7: 3 | M7: 100 | P7: 武威市 | Q7: 4 | R7: 59.550475 | U7: 福州市 | V7: 2 | W7: 62.5
A8: 金华市 | B8: 3 | C8: 98.902914 | F8: 十堰市 | G8: 2 | H8: 75 | K8: 北京市 | L8: 1 | M8: 91.25 | P8: 北京市 | Q8: 1 | R8: 58.758562 | U8: 金华市 | V8: 3 | W8: 62.5
A9: 南昌市 | B9: 2 | C9: 98.902914 | F9: 阜阳市 | G9: 3 | H9: 71.25 | K9: 深圳市 | L9: 1 | M9: 91.25 | P9: 丽水市 | Q9: 4 | R9: 58.637336 | U9: 宜春市 | V9: 3 | W9: 62.5
A10: 鹤壁市 | B10: 3 | C10: 98.902914 | F10: 成都市 | G10: 1 | H10: 68.75 | K10: 西安市 | L10: 1 | M10: 91.25 | P10: 临沧市 | Q10: 4 | R10: 58.232252 | U10: 安庆市 | V10: 3 | W10: 62.5
A11: 七台河市 | B11: 4 | C11: 98.902914 | F11: 银川市 | G11: 2 | H11: 68.75 | K11: 临沂市 | L11: 2 | M11: 91.25 | P11: 广安市 | Q11: 4 | R11: 58.111599 | U11: 赤峰市 | V11: 2 | W11: 62.5
A12: 金昌市 | B12: 4 | C12: 98.902914 | F12: 昆明市 | G12: 1 | H12: 66.25 | K12: 荆州市 | L12: 3 | M12: 91.25 | P12: 曲靖市 | Q12: 3 | R12: 57.998166 | U12: 内江市 | V12: 3 | W12: 62.5
A13: 天津市 | B13: 1 | C13: 97.517554 | F13: 湖州市 | G13: 3 | H13: 66.25 | K13: 镇江市 | L13: 3 | M13: 91.25 | P13: 毕节市 | Q13: 3 | R13: 57.788433 | U13: 铜陵市 | V13: 3 | W13: 62.5
A14: 济宁市 | B14: 2 | C14: 96.265503 | F14: 扬州市 | G14: 2 | H14: 65 | K14: 威海市 | L14: 3 | M14: 91.25 | P14: 唐山市 | Q14: 2 | R14: 57.72341 | U14: 鹰潭市 | V14: 4 | W14: 62.5
A15: 阜阳市 | B15: 3 | C15: 96.265503 | F15: 安康市 | G15: 4 | H15: 65 | K15: 安康市 | L15: 4 | M15: 91.25 | P15: 濮阳市 | Q15: 3 | R15: 57.249584 | U15: 重庆市 | V15: 1 | W15: 50
A16: 惠州市 | B16: 2 | C16: 96.265503 | F16: 随州市 | G16: 4 | H16: 65 | K16: 东营市 | L16: 3 | M16: 91.25 | P16: 达州市 | Q16: 3 | R16: 57.230978 | U16: 上海市 | V16: 1 | W16: 50
A17: 聊城市 | B17: 2 | C17: 96.265503 | F17: 金华市 | G17: 3 | H17: 63.75 | K17: 马鞍山市 | L17: 3 | M17: 91.25 | P17: 德州市 | Q17: 3 | R17: 56.95896 | U17: 广州市 | V17: 1 | W17: 50
... A297: 衡阳市 | B297: 2 | C297: 13.187055 | F297: 贺州市 | G297: 4 | H297: 5 | K297: 林芝市 | L297: 4 | M297: 8.75 | P297: 日喀则市 | Q297: 4 | R297: 12.979398 | U297: 林芝市 | V297: 4 | W297: 0

Sheet Sheet3
A1: 城市 | B1: 环节 | J1: 维度总分 | K1: 维度排名 | O1: 城市 | P1: 城市分类 | Q1: 维度总分 | R1: 梯队 | AC1: 城市 | AD1: 城市分类 | AE1: 环节 | AJ1: 维度总分 | AK1: 维 度 排 名
B2: 城市分类 | C2: 规划（P） | E2: 实施 (D) | F2: 检查 (C) | G2: 结果(O) | I2: 反馈 （F） | O2: 北京市 | P2: 1 | Q2: 77.236589 | R2: 1 | S2: =(77.24-26.38)/4 -> 12.715 | T2: =S2+26.38 -> 39.095 | U2: 第四梯队 | AE2: 规划（P） | AF2: 实施（D） | AG2: 检查（C） | AH2: 结果（O） | AI2: 反馈（F）
C3: 初始得分 | D3: 修正后得分 | G3: 初始得分 | H3: 修正后得分 | O3: 杭州市 | P3: 1 | Q3: 70.030853 | R3: 1 | T3: =T2+S2 -> 51.81 | U3: 第三梯队
A4: 北京市 | B4: 1 | C4: 87.5 | D4: 84.290819 | E4: 95 | F4: 91.25 | G4: 60.99566 | H4: 58.758562 | I4: 87.5 | J4: 77.236589 | K4: 1 | O4: 上海市 | P4: 1 | Q4: 68.777127 | R4: 1 | T4: =T3+S2 -> 64.525 | U4: 第二梯队 | AC4: 北京市 | AD4: 1 | AE4: 84.290819 | AF4: 95 | AG4: 91.25 | AH4: 58.758562 | AI4: 87.5 | AJ4: 77.236589 | AK4: 1
A5: 杭州市 | B5: 1 | C5: 82.5 | D5: 80.796403 | E5: 88.75 | F5: 83.75 | G5: 51.683682 | H5: 50.616432 | I5: 75 | J5: 70.030853 | K5: 2 | O5: 金华市 | P5: 3 | Q5: 68.663131 | R5: 1 | T5: =T4+S2 -> 77.24 | U5: 第一梯队 | AC5: 杭州市 | AD5: 1 | AE5: 80.796403 | AF5: 88.75 | AG5: 83.75 | AH5: 50.616432 | AI5: 75 | AJ5: 70.030853 | AK5: 2
A6: 上海市 | B6: 1 | C6: 88.75 | D6: 85.494974 | E6: 87.5 | F6: 82.5 | G6: 54.312307 | H6: 52.32033 | I6: 50 | J6: 68.777127 | K6: 3 | O6: 宁波市 | P6: 2 | Q6: 68.116781 | R6: 1 | AC6: 上海市 | AD6: 1 | AE6: 85.494974 | AF6: 87.5 | AG6: 82.5 | AH6: 52.32033 | AI6: 50 | AJ6: 68.777127 | AK6: 3
A7: 金华市 | B7: 3 | C7: 93.75 | D7: 98.902914 | E7: 63.75 | F7: 83.75 | G7: 50.967473 | H7: 53.76887 | I7: 62.5 | J7: 68.663131 | K7: 4 | O7: 湖州市 | P7: 3 | Q7: 67.230492 | R7: 1 | AC7: 金华市 | AD7: 3 | AE7: 98.902914 | AF7: 63.75 | AG7: 83.75 | AH7: 53.76887 | AI7: 62.5 | AJ7: 68.663131 | AK7: 4
A8: 宁波市 | B8: 2 | C8: 100 | D8: 102.40521 | E8: 65 | F8: 82.5 | G8: 49.157014 | H8: 50.339346 | I8: 62.5 | J8: 68.116781 | K8: 5 | O8: 襄阳市 | P8: 2 | Q8: 66.205802 | R8: 1 | U8: 第一梯队 | V8: 第二梯队 | W8: 第三梯队 | X8: 第四梯队 | AC8: 宁波市 | AD8: 2 | AE8: 102.40521 | AF8: 65 | AG8: 82.5 | AH8: 50.339346 | AI8: 62.5 | AJ8: 68.116781 | AK8: 5
A9: 湖州市 | B9: 3 | C9: 85 | D9: 89.671975 | E9: 66.25 | F9: 83.75 | G9: 47.800421 | H9: 50.427743 | I9: 75 | J9: 67.230492 | K9: 6 | O9: 成都市 | P9: 1 | Q9: 65.948323 | R9: 1 | U9: (64.38-77.8,n=9) | V9: (50.96-64.38,n=95) | W9: (37.54-50.96, n=147) | X9: (24.12-37.54, n=43) | AC9: 湖州市 | AD9: 3 | AE9: 89.671975 | AF9: 66.25 | AG9: 83.75 | AH9: 50.427743 | AI9: 75 | AJ9: 67.230492 | AK9: 6
A10: 襄阳市 | B10: 2 | C10: 91.25 | D10: 96.265503 | E10: 75 | F10: 75 | G10: 52.022373 | H10: 54.881752 | I10: 25 | J10: 66.205802 | K10: 7 | O10: 重庆市 | P10: 1 | Q10: 65.490527 | R10: 1 | T10: 超大以及特大城市 | U10: 5 | V10: 11 | W10: 5 | X10: 0 | Y10: =SUM(U10:X10) -> 21 | AC10: 襄阳市 | AD10: 2 | AE10: 96.265503 | AF10: 75 | AG10: 75 | AH10: 54.881752 | AI10: 25 | AJ10: 66.205802 | AK10: 7
A11: 成都市 | B11: 1 | C11: 86.25 | D11: 85.313122 | E11: 81.25 | F11: 82.5 | G11: 39.518511 | H11: 39.089247 | I11: 87.5 | J11: 65.948323 | K11: 8 | T11: 大城市 | U11: 2 | V11: 38 | W11: 36 | X11: 4 | Y11: =SUM(U11:X11) -> 80 | AC11: 成都市 | AD11: 1 | AE11: 85.313122 | AF11: 81.25 | AG11: 82.5 | AH11: 39.089247 | AI11: 87.5 | AJ11: 65.948323 | AK11: 8
A12: 重庆市 | B12: 1 | C12: 80 | D12: 82.798646 | E12: 66.25 | F12: 75 | G12: 52.973807 | H12: 54.826994 | I12: 62.5 | J12: 65.490527 | K12: 9 | O12: 深圳市 | P12: 1 | Q12: 62.961829 | R12: 2 | T12: 中等城市 | U12: 2 | V12: 35 | W12: 65 | X12: 8 | Y12: =SUM(U12:X12) -> 110 | AC12: 重庆市 | AD12: 1 | AE12: 82.798646 | AF12: 66.25 | AG12: 75 | AH12: 54.826994 | AI12: 62.5 | AJ12: 65.490527 | AK12: 9
A13: 吉林市 | B13: 2 | C13: 85 | D13: 89.671975 | E13: 75 | F13: 91.25 | G13: 45.820289 | H13: 48.338774 | I13: 25 | J13: 63.894905 | K13: 10 | O13: 天津市 | P13: 1 | Q13: 62.282163 | R13: 2 | T13: 小城市 | U13: 0 | V13: 14 | W13: 52 | X13: 18 | Y13: =SUM(U13:X13) -> 84 | AC13: 吉林市 | AD13: 2 | AE13: 89.671975 | AF13: 75 | AG13: 91.25 | AH13: 48.338774 | AI13: 25 | AJ13: 63.894905 | AK13: 10
A14: 温州市 | B14: 2 | C14: 93.75 | D14: 98.902914 | E14: 58.75 | F14: 83.75 | G14: 47.612802 | H14: 50.229812 | I14: 37.5 | J14: 63.747507 | K14: 11 | O14: 武汉市 | P14: 1 | Q14: 61.705306 | R14: 2 | Y14: =SUM(Y10:Y13) -> 295 | AC14: 温州市 | AD14: 2 | AE14: 98.902914 | AF14: 58.75 | AG14: 83.75 | AH14: 50.229812 | AI14: 37.5 | AJ14: 63.747507 | AK14: 11
A15: 深圳市 | B15: 1 | C15: 91.25 | D15: 87.903283 | E15: 83.75 | F15: 91.25 | G15: 34.402178 | H15: 33.140432 | I15: 62.5 | J15: 62.961829 | K15: 12 | O15: 青岛市 | P15: 1 | Q15: 61.416107 | R15: 2 | AC15: 深圳市 | AD15: 1 | AE15: 87.903283 | AF15: 83.75 | AG15: 91.25 | AH15: 33.140432 | AI15: 62.5 | AJ15: 62.961829 | AK15: 12
A16: 广安市 | B16: 4 | C16: 78.75 | D16: 83.078448 | E16: 57.5 | F16: 75 | G16: 55.083943 | H16: 58.111599 | I16: 37.5 | J16: 62.610329 | K16: 13 | O16: 昆明市 | P16: 1 | Q16: 57.060544 | R16: 2 | AC16: 广安市 | AD16: 4 | AE16: 83.078448 | AF16: 57.5 | AG16: 75 | AH16: 58.111599 | AI16: 37.5 | AJ16: 62.610329 | AK16: 13
A17: 阜阳市 | B17: 3 | C17: 91.25 | D17: 96.265503 | E17: 71.25 | F17: 82.5 | G17: 46.023364 | H17: 48.553011 | I17: 12.5 | J17: 62.424305 | K17: 14 | O17: 广州市 | P17: 1 | Q17: 56.117144 | R17: 2 | AC17: 阜阳市 | AD17: 3 | AE17: 96.265503 | AF17: 71.25 | AG17: 82.5 | AH17: 48.553011 | AI17: 12.5 | AJ17: 62.424305 | AK17: 14
A18: 潍坊市 | B18: 2 | C18: 91.25 | D18: 93.872896 | E18: 58.75 | F18: 57.5 | G18: 51.194255 | H18: 52.665786 | I18: 50 | J18: 62.340894 | K18: 15 | O18: 南京市 | P18: 1 | Q18: 56.08515 | R18: 2 | T18: Means | AC18: 潍坊市 | AD18: 2 | AE18: 93.872896 | AF18: 58.75 | AG18: 57.5 | AH18: 52.665786 | AI18: 50 | AJ18: 62.340894 | AK18: 15
A19: 天津市 | B19: 1 | C19: 100 | D19: 97.517554 | E19: 68.75 | F19: 83.75 | G19: 40.130344 | H19: 39.13413 | I19: 50 | J19: 62.282163 | K19: 16 | O19: 西安市 | P19: 1 | Q19: 55.951757 | R19: 2 | T19: C4 | U19: N | V19: Mean | W19: StDev | X19: 95% CI | AC19: 天津市 | AD19: 1 | AE19: 97.517554 | AF19: 68.75 | AG19: 83.75 | AH19: 39.13413 | AI19: 50 | AJ19: 62.282163 | AK19: 16
A20: 十堰市 | B20: 2 | C20: 91.25 | D20: 96.265503 | E20: 75 | F20: 75 | G20: 42.471612 | H20: 44.80604 | I20: 25 | J20: 62.175517 | K20: 17 | O20: 郑州市 | P20: 1 | Q20: 55.926192 | R20: 2 | T20: 第一梯队 | U20: 9 | V20: 68.63 | W20: 3.56 | X20: (66.43, 70.84) | AC20: 十堰市 | AD20: 2 | AE20: 96.265503 | AF20: 75 | AG20: 75 | AH20: 44.80604 | AI20: 25 | AJ20: 62.175517 | AK20: 17
A21: 石家庄市 | B21: 2 | C21: 95 | D21: 95.219699 | E21: 63.75 | F21: 66.25 | G21: 46.121026 | H21: 46.227686 | I21: 50 | J21: 61.910014 | K21: 18 | O21: 长沙市 | P21: 1 | Q21: 55.111343 | R21: 2 | T21: 2 | U21: 98 | V21: 57.123 | W21: 3.212 | X21: (56.456, 57.791) | AC21: 石家庄市 | AD21: 2 | AE21: 95.219699 | AF21: 63.75 | AG21: 66.25 | AH21: 46.227686 | AI21: 50 | AJ21: 61.910014 | AK21: 18 | AN21: Means
A22: 南阳市 | B22: 3 | C22: 75 | D22: 79.122331 | E22: 46.25 | F22: 75 | G22: 60.398178 | H22: 63.717929 | I22: 37.5 | J22: 61.811638 | K22: 19 | O22: 东莞市 | P22: 1 | Q22: 54.477089 | R22: 2 | T22: 3 | U22: 158 | V22: 45.528 | W22: 3.425 | X22: (45.003, 46.054) | AC22: 南阳市 | AD22: 3 | AE22: 79.122331 | AF22: 46.25 | AG22: 75 | AH22: 63.717929 | AI22: 37.5 | AJ22: 61.811638 | AK22: 19 | AN22: C1 | AO22: N | AP22: Mean | AQ22: StDev | AR22: 95% CI
A23: 武威市 | B23: 4 | C23: 85 | D23: 89.671975 | E23: 58.75 | F23: 57.5 | G23: 56.447852 | H23: 59.550475 | I23: 25 | J23: 61.754585 | K23: 20 | O23: 吉林市 | P23: 2 | Q23: 63.894905 | R23: 2 | T23: 4 | U23: 31 | V23: 34.906 | W23: 3.414 | X23: (33.719, 36.093) | AC23: 武威市 | AD23: 4 | AE23: 89.671975 | AF23: 58.75 | AG23: 57.5 | AH23: 59.550475 | AI23: 25 | AJ23: 61.754585 | AK23: 20 | AN23: 超大以及特大城市 | AO23: 21 | AP23: 58.34 | AQ23: 8.59 | AR23: (54.99, 61.69)
A24: 武汉市 | B24: 1 | C24: 82.5 | D24: 79.474201 | E24: 62.5 | F24: 75 | G24: 44.27501 | H24: 42.651165 | I24: 87.5 | J24: 61.705306 | K24: 21 | O24: 温州市 | P24: 2 | Q24: 63.747507 | R24: 2 | T24: Pooled StDev = 3.35848 | AC24: 武汉市 | AD24: 1 | AE24: 79.474201 | AF24: 62.5 | AG24: 75 | AH24: 42.651165 | AI24: 87.5 | AJ24: 61.705306 | AK24: 21 | AN24: 大城市 | AO24: 80 | AP24: 51.003 | AQ24: 8.145 | AR24: (49.286, 52.720)
A25: 安庆市 | B25: 3 | C25: 75 | D25: 79.122331 | E25: 53.75 | F25: 75 | G25: 50.566325 | H25: 53.345674 | I25: 62.5 | J25: 61.662736 | K25: 22 | O25: 潍坊市 | P25: 2 | Q25: 62.340894 | R25: 2 | AC25: 安庆市 | AD25: 3 | AE25: 79.122331 | AF25: 53.75 | AG25: 75 | AH25: 53.345674 | AI25: 62.5 | AJ25: 61.662736 | AK25: 22 | AN25: 中等城市 | AO25: 111 | AP25: 48.711 | AQ25: 7.572 | AR25: (47.254, 50.169)
A26: 中山市 | B26: 2 | C26: 78.75 | D26: 83.078448 | E26: 38.75 | F26: 82.5 | G26: 56.812137 | H26: 59.934783 | I26: 50 | J26: 61.589603 | K26: 23 | O26: 十堰市 | P26: 2 | Q26: 62.175517 | R26: 2 | AC26: 中山市 | AD26: 2 | AE26: 83.078448 | AF26: 38.75 | AG26: 82.5 | AH26: 59.934783 | AI26: 50 | AJ26: 61.589603 | AK26: 23 | AN26: 小城市 | AO26: 84 | AP26: 44.988 | AQ26: 7.566 | AR26: (43.312, 46.663)
A27: 德州市 | B27: 3 | C27: 85 | D27: 89.671975 | E27: 53.75 | F27: 75 | G27: 53.991357 | H27: 56.95896 | I27: 25 | J27: 61.467979 | K27: 24 | O27: 石家庄市 | P27: 2 | Q27: 61.910014 | R27: 2 | T27: Grouping Information Using the Tukey Method and 95% Confidence | AC27: 德州市 | AD27: 3 | AE27: 89.671975 | AF27: 53.75 | AG27: 75 | AH27: 56.95896 | AI27: 25 | AJ27: 61.467979 | AK27: 24 | AN27: Pooled StDev = 7.80239
A28: 青岛市 | B28: 1 | C28: 76.25 | D28: 75.667531 | E28: 66.25 | F28: 73.75 | G28: 48.892488 | H28: 48.519001 | I28: 62.5 | J28: 61.416107 | K28: 25 | O28: 中山市 | P28: 2 | Q28: 61.589603 | R28: 2 | T28: C4 | U28: N | V28: Mean | W28: Grouping | AC28: 青岛市 | AD28: 1 | AE28: 75.667531 | AF28: 66.25 | AG28: 73.75 | AH28: 48.519001 | AI28: 62.5 | AJ28: 61.416107 | AK28: 25
A29: 鹰潭市 | B29: 4 | C29: 81.25 | D29: 85.715859 | E29: 53.75 | F29: 75 | G29: 46.496585 | H29: 49.052243 | I29: 62.5 | J29: 61.264069 | K29: 26 | O29: 福州市 | P29: 2 | Q29: 61.180026 | R29: 2 | T29: 1 | U29: 9 | V29: 68.63 | W29: A | AC29: 鹰潭市 | AD29: 4 | AE29: 85.715859 | AF29: 53.75 | AG29: 75 | AH29: 49.052243 | AI29: 62.5 | AJ29: 61.264069 | AK29: 26
A30: 铜陵市 | B30: 3 | C30: 85 | D30: 89.671975 | E30: 56.25 | F30: 73.75 | G30: 43.69937 | H30: 46.10128 | I30: 62.5 | J30: 61.249907 | K30: 27 | O30: 银川市 | P30: 2 | Q30: 60.795279 | R30: 2 | T30: 2 | U30: 98 | V30: 57.123 | X30: B | AC30: 铜陵市 | AD30: 3 | AE30: 89.671975 | AF30: 56.25 | AG30: 73.75 | AH30: 46.10128 | AI30: 62.5 | AJ30: 61.249907 | AK30: 27 | AN30: Grouping Information Using the Tukey Method and 95% Confidence
A31: 福州市 | B31: 2 | C31: 73.75 | D31: 77.803626 | E31: 66.25 | F31: 57.5 | G31: 48.270113 | H31: 50.923252 | I31: 62.5 | J31: 61.180026 | K31: 28 | O31: 临沂市 | P31: 2 | Q31: 59.871244 | R31: 2 | T31: 3 | U31: 158 | V31: 45.528 | Y31: C | AC31: 福州市 | AD31: 2 | AE31: 77.803626 | AF31: 66.25 | AG31: 57.5 | AH31: 50.923252 | AI31: 62.5 | AJ31: 61.180026 | AK31: 28 | AN31: C1 | AO31: N | AP31: Mean | AQ31: Grouping
A32: 银川市 | B32: 2 | C32: 80 | D32: 84.397153 | E32: 68.75 | F32: 67.5 | G32: 43.640924 | H32: 46.039622 | I32: 50 | J32: 60.795279 | K32: 29 | O32: 赣州市 | P32: 2 | Q32: 59.796232 | R32: 2 | T32: 4 | U32: 31 | V32: 34.906 | Z32: D | AC32: 银川市 | AD32: 2 | AE32: 84.397153 | AF32: 68.75 | AG32: 67.5 | AH32: 46.039622 | AI32: 50 | AJ32: 60.795279 | AK32: 29 | AN32: 超大以及特大城市 | AO32: 21 | AP32: 58.34 | AQ32: A
A33: 丽水市 | B33: 4 | C33: 61.25 | D33: 64.616571 | E33: 46.25 | F33: 100 | G33: 55.582288 | H33: 58.637336 | I33: 50 | J33: 60.628249 | K33: 30 | O33: 烟台市 | P33: 2 | Q33: 59.311026 | R33: 2 | T33: Means that do not share a letter are significantly different. | AC33: 丽水市 | AD33: 4 | AE33: 64.616571 | AF33: 46.25 | AG33: 100 | AH33: 58.637336 | AI33: 50 | AJ33: 60.628249 | AK33: 30 | AN33: 大城市 | AO33: 80 | AP33: 51.003 | AR33: B
A34: 晋中市 | B34: 3 | C34: 85 | D34: 89.671975 | E34: 46.25 | F34: 51.25 | G34: 57.000428 | H34: 60.133423 | I34: 37.5 | J34: 60.112764 | K34: 31 | O34: 呼和浩特市 | P34: 2 | Q34: 59.181632 | R34: 2 | AC34: 晋中市 | AD34: 3 | AE34: 89.671975 | AF34: 46.25 | AG34: 51.25 | AH34: 60.133423 | AI34: 37.5 | AJ34: 60.112764 | AK34: 31 | AN34: 中等城市 | AO34: 111 | AP34: 48.711 | AR34: B
A35: 临沂市 | B35: 2 | C35: 85 | D35: 89.671975 | E35: 27.5 | F35: 91.25 | G35: 58.797835 | H35: 62.029623 | I35: 25 | J35: 59.871244 | K35: 32 | O35: 济宁市 | P35: 2 | Q35: 59.141245 | R35: 2 | AC35: 临沂市 | AD35: 2 | AE35: 89.671975 | AF35: 27.5 | AG35: 91.25 | AH35: 62.029623 | AI35: 25 | AJ35: 59.871244 | AK35: 32 | AN35: 小城市 | AO35: 84 | AP35: 44.988 | AS35: C
A36: 赣州市 | B36: 2 | C36: 87.5 | D36: 92.241373 | E36: 52.5 | F36: 73.75 | G36: 49.737274 | H36: 52.432394 | I36: 25 | J36: 59.796232 | K36: 33 | O36: 扬州市 | P36: 2 | Q36: 59.076794 | R36: 2 | AC36: 赣州市 | AD36: 2 | AE36: 92.241373 | AF36: 52.5 | AG36: 73.75 | AH36: 52.432394 | AI36: 25 | AJ36: 59.796232 | AK36: 33 | AN36: Means that do not share a letter are significantly different.
A37: 威海市 | B37: 3 | C37: 91.25 | D37: 96.265503 | E37: 46.25 | F37: 91.25 | G37: 40.200509 | H37: 42.410107 | I37: 50 | J37: 59.592143 | K37: 34 | O37: 大同市 | P37: 2 | Q37: 58.373761 | R37: 2 | AC37: 威海市 | AD37: 3 | AE37: 96.265503 | AF37: 46.25 | AG37: 91.25 | AH37: 42.410107 | AI37: 50 | AJ37: 59.592143 | AK37: 34
A38: 烟台市 | B38: 2 | C38: 81.25 | D38: 85.715859 | E38: 52.5 | F38: 66.25 | G38: 53.420889 | H38: 56.357137 | I38: 25 | J38: 59.311026 | K38: 35 | O38: 宜昌市 | P38: 2 | Q38: 57.984096 | R38: 2 | AC38: 烟台市 | AD38: 2 | AE38: 85.715859 | AF38: 52.5 | AG38: 66.25 | AH38: 56.357137 | AI38: 25 | AJ38: 59.311026 | AK38: 35
A39: 周口市 | B39: 3 | C39: 67.5 | D39: 71.210098 | E39: 46.25 | F39: 83.75 | G39: 52.95143 | H39: 55.861875 | I39: 50 | J39: 59.21177 | K39: 36 | O39: 绍兴市 | P39: 2 | Q39: 57.796393 | R39: 2 | U39: N | V39: Mean | W39: StDev | X39: 95% CI | Y39: Tukey test | AC39: 周口市 | AD39: 3 | AE39: 71.210098 | AF39: 46.25 | AG39: 83.75 | AH39: 55.861875 | AI39: 50 | AJ39: 59.21177 | AK39: 36
A40: 呼和浩特市 | B40: 2 | C40: 78.75 | D40: 83.078448 | E40: 57.5 | F40: 75 | G40: 43.996607 | H40: 46.414855 | I40: 50 | J40: 59.181632 | K40: 37 | O40: 枣庄市 | P40: 2 | Q40: 56.783367 | R40: 2 | T40: 第一梯队 | U40: 9 | V40: 68.63 | W40: 3.56 | X40: (66.43, 70.84) | Y40: A | AC40: 呼和浩特市 | AD40: 2 | AE40: 83.078448 | AF40: 57.5 | AG40: 75 | AH40: 46.414855 | AI40: 50 | AJ40: 59.181632 | AK40: 37
A41: 济宁市 | B41: 2 | C41: 91.25 | D41: 96.265503 | E41: 41.25 | F41: 83.75 | G41: 49.203424 | H41: 51.907861 | I41: 25 | J41: 59.141245 | K41: 38 | O41: 南宁市 | P41: 2 | Q41: 56.442993 | R41: 2 | T41: 第二梯队 | U41: 98 | V41: 57.123 | W41: 3.212 | X41: (56.456, 57.791) | Y41: B | AC41: 济宁市 | AD41: 2 | AE41: 96.265503 | AF41: 41.25 | AG41: 83.75 | AH41: 51.907861 | AI41: 25 | AJ41: 59.141245 | AK41: 38
A42: 扬州市 | B42: 2 | C42: 91.25 | D42: 96.265503 | E42: 65 | F42: 73.75 | G42: 40.164136 | H42: 42.371735 | I42: 25 | J42: 59.076794 | K42: 39 | O42: 南昌市 | P42: 2 | Q42: 56.379207 | R42: 2 | T42: 第三梯队 | U42: 158 | V42: 45.528 | W42: 3.425 | X42: (45.003, 46.054) | Y42: C | AC42: 扬州市 | AD42: 2 | AE42: 96.265503 | AF42: 65 | AG42: 73.75 | AH42: 42.371735 | AI42: 25 | AJ42: 59.076794 | AK42: 39
A43: 安康市 | B43: 4 | C43: 58.75 | D43: 61.97916 | E43: 65 | F43: 91.25 | G43: 51.609466 | H43: 54.44615 | I43: 25 | J43: 58.799292 | K43: 40 | O43: 西宁市 | P43: 2 | Q43: 56.334206 | R43: 2 | T43: 第四梯队 | U43: 31 | V43: 34.906 | W43: 3.414 | X43: (33.719, 36.093) | Y43: D | AC43: 安康市 | AD43: 4 | AE43: 61.97916 | AF43: 65 | AG43: 91.25 | AH43: 54.44615 | AI43: 25 | AJ43: 58.799292 | AK43: 40
A44: 商丘市 | B44: 3 | C44: 93.75 | D44: 98.902914 | E44: 28.75 | F44: 75 | G44: 51.52778 | H44: 54.359974 | I44: 37.5 | J44: 58.524573 | K44: 41 | O44: 聊城市 | P44: 2 | Q44: 56.270419 | R44: 2 | AC44: 商丘市 | AD44: 3 | AE44: 98.902914 | AF44: 28.75 | AG44: 75 | AH44: 54.359974 | AI44: 37.5 | AJ44: 58.524573 | AK44: 41
A45: 大同市 | B45: 2 | C45: 70 | D45: 73.847509 | E45: 58.75 | F45: 83.75 | G45: 46.753376 | H45: 49.323148 | I45: 37.5 | J45: 58.373761 | K45: 42 | O45: 太原市 | P45: 2 | Q45: 56.027919 | R45: 2 | AC45: 大同市 | AD45: 2 | AE45: 73.847509 | AF45: 58.75 | AG45: 83.75 | AH45: 49.323148 | AI45: 37.5 | AJ45: 58.373761 | AK45: 42
A46: 衢州市 | B46: 3 | C46: 81.25 | D46: 85.715859 | E46: 47.5 | F46: 73.75 | G46: 45.283466 | H46: 47.772445 | I46: 50 | J46: 58.12715 | K46: 43 | O46: 淄博市 | P46: 2 | Q46: 55.500572 | R46: 2 | AC46: 衢州市 | AD46: 3 | AE46: 85.715859 | AF46: 47.5 | AG46: 73.75 | AH46: 47.772445 | AI46: 50 | AJ46: 58.12715 | AK46: 43
A47: 玉溪市 | B47: 3 | C47: 91.25 | D47: 96.265503 | E47: 47.5 | F47: 66.25 | G47: 50.795125 | H47: 53.58705 | I47: 12.5 | J47: 58.062921 | K47: 44 | O47: 芜湖市 | P47: 2 | Q47: 55.212149 | R47: 2 | AC47: 玉溪市 | AD47: 3 | AE47: 96.265503 | AF47: 47.5 | AG47: 66.25 | AH47: 53.58705 | AI47: 12.5 | AJ47: 58.062921 | AK47: 44
A48: 宜昌市 | B48: 2 | C48: 85 | D48: 89.671975 | E48: 46.25 | F48: 82.5 | G48: 44.550556 | H48: 46.999252 | I48: 37.5 | J48: 57.984096 | K48: 45 | O48: 绵阳市 | P48: 2 | Q48: 54.694963 | R48: 2 | AC48: 宜昌市 | AD48: 2 | AE48: 89.671975 | AF48: 46.25 | AG48: 82.5 | AH48: 46.999252 | AI48: 37.5 | AJ48: 57.984096 | AK48: 45
A49: 吉安市 | B49: 4 | C49: 85 | D49: 89.671975 | E49: 33.75 | F49: 58.75 | G49: 53.129409 | H49: 56.049636 | I49: 50 | J49: 57.979249 | K49: 46 | O49: 上饶市 | P49: 2 | Q49: 54.468967 | R49: 2 | AC49: 吉安市 | AD49: 4 | AE49: 89.671975 | AF49: 33.75 | AG49: 58.75 | AH49: 56.049636 | AI49: 50 | AJ49: 57.979249 | AK49: 46
A50: 遂宁市 | B50: 3 | C50: 91.25 | D50: 96.265503 | E50: 47.5 | F50: 58.75 | G50: 49.026157 | H50: 51.720851 | I50: 25 | J50: 57.816441 | K50: 47 | O50: 无锡市 | P50: 2 | Q50: 54.449088 | R50: 2 | AC50: 遂宁市 | AD50: 3 | AE50: 96.265503 | AF50: 47.5 | AG50: 58.75 | AH50: 51.720851 | AI50: 25 | AJ50: 57.816441 | AK50: 47
A51: 绍兴市 | B51: 2 | C51: 85 | D51: 89.671975 | E51: 35 | F51: 73.75 | G51: 48.549027 | H51: 51.217495 | I51: 50 | J51: 57.796393 | K51: 48 | O51: 莆田市 | P51: 2 | Q51: 54.41787 | R51: 2 | AC51: 绍兴市 | AD51: 2 | AE51: 89.671975 | AF51: 35 | AG51: 73.75 | AH51: 51.217495 | AI51: 50 | AJ51: 57.796393 | AK51: 48
A52: 鹤壁市 | B52: 3 | C52: 93.75 | D52: 98.902914 | E52: 43.75 | F52: 58.75 | G52: 49.103086 | H52: 51.802009 | I52: 25 | J52: 57.626386 | K52: 49 | O52: 惠州市 | P52: 2 | Q52: 54.302885 | R52: 2 | AC52: 鹤壁市 | AD52: 3 | AE52: 98.902914 | AF52: 43.75 | AG52: 58.75 | AH52: 51.802009 | AI52: 25 | AJ52: 57.626386 | AK52: 49
A53: 随州市 | B53: 4 | C53: 66.25 | D53: 69.891393 | E53: 65 | F53: 58.75 | G53: 46.393961 | H53: 48.943978 | I53: 50 | J53: 57.43087 | K53: 50 | O53: 淮南市 | P53: 2 | Q53: 54.194013 | R53: 2 | AC53: 随州市 | AD53: 4 | AE53: 69.891393 | AF53: 65 | AG53: 58.75 | AH53: 48.943978 | AI53: 50 | AJ53: 57.43087 | AK53: 50
A54: 宜春市 | B54: 3 | C54: 85 | D54: 89.671975 | E54: 35 | F54: 50 | G54: 50.27425 | H54: 53.037545 | I54: 62.5 | J54: 57.399413 | K54: 51 | O54: 邢台市 | P54: 2 | Q54: 54.121672 | R54: 2 | AC54: 宜春市 | AD54: 3 | AE54: 89.671975 | AF54: 35 | AG54: 50 | AH54: 53.037545 | AI54: 62.5 | AJ54: 57.399413 | AK54: 51
A55: 眉山市 | B55: 3 | C55: 78.75 | D55: 83.078448 | E55: 62.5 | F55: 66.25 | G55: 39.007317 | H55: 41.151331 | I55: 50 | J55: 57.201222 | K55: 52 | O55: 开封市 | P55: 2 | Q55: 53.934755 | R55: 2 | AC55: 眉山市 | AD55: 3 | AE55: 83.078448 | AF55: 62.5 | AG55: 66.25 | AH55: 41.151331 | AI55: 50 | AJ55: 57.201222 | AK55: 52
... A66: 广州市 | B66: 1 | C66: 81.25 | D66: 78.270046 | E66: 67.5 | F66: 82.5 | G66: 32.3441 | H66: 31.157836 | I66: 62.5 | J66: 56.117144 | K66: 63 | O66: 晋中市 | P66: 3 | Q66: 60.112764 | R66: 2 | AC66: 广州市 | AD66: 1 | AE66: 78.270046 | AF66: 67.5 | AG66: 82.5 | AH66: 31.157836 | AI66: 62.5 | AJ66: 56.117144 | AK66: 63
A67: 南京市 | B67: 1 | C67: 73.75 | D67: 71.045119 | E67: 58.75 | F67: 73.75 | G67: 39.579446 | H67: 38.127817 | I67: 75 | J67: 56.08515 | K67: 64 | O67: 威海市 | P67: 3 | Q67: 59.592143 | R67: 2 | T67: 金华市 | U67: 金华市 | V67: 3 | AC67: 南京市 | AD67: 1 | AE67: 71.045119 | AF67: 58.75 | AG67: 73.75 | AH67: 38.127817 | AI67: 75 | AJ67: 56.08515 | AK67: 64
A68: 张掖市 | B68: 4 | C68: 91.25 | D68: 96.265503 | E68: 33.75 | F68: 50 | G68: 47.524698 | H68: 50.136865 | I68: 50 | J68: 56.057847 | K68: 65 | O68: 周口市 | P68: 3 | Q68: 59.21177 | R68: 2 | T68: 湖州市 | U68: 湖州市 | V68: 3 | AC68: 张掖市 | AD68: 4 | AE68: 96.265503 | AF68: 33.75 | AG68: 50 | AH68: 50.136865 | AI68: 50 | AJ68: 56.057847 | AK68: 65
A69: 太原市 | B69: 2 | C69: 62.5 | D69: 65.935276 | E69: 65 | F69: 75 | G69: 38.131295 | H69: 40.227159 | I69: 62.5 | J69: 56.027919 | K69: 66 | O69: 商丘市 | P69: 3 | Q69: 58.524573 | R69: 2 | T69: 阜阳市 | U69: 阜阳市 | V69: 3 | AC69: 太原市 | AD69: 2 | AE69: 65.935276 | AF69: 65 | AG69: 75 | AH69: 40.227159 | AI69: 62.5 | AJ69: 56.027919 | AK69: 66
A70: 荆门市 | B70: 3 | C70: 85 | D70: 89.671975 | E70: 46.25 | F70: 66.25 | G70: 46.698496 | H70: 49.265251 | I70: 25 | J70: 56.015496 | K70: 67 | O70: 衢州市 | P70: 3 | Q70: 58.12715 | R70: 2 | T70: 南阳市 | U70: 南阳市 | V70: 3 | AC70: 荆门市 | AD70: 3 | AE70: 89.671975 | AF70: 46.25 | AG70: 66.25 | AH70: 49.265251 | AI70: 25 | AJ70: 56.015496 | AK70: 67
A71: 西安市 | B71: 1 | C71: 77.5 | D71: 74.657583 | E71: 46.25 | F71: 91.25 | G71: 45.792607 | H71: 44.113102 | I71: 50 | J71: 55.951757 | K71: 68 | O71: 玉溪市 | P71: 3 | Q71: 58.062921 | R71: 2 | T71: 安庆市 | U71: 安庆市 | V71: 3 | AC71: 西安市 | AD71: 1 | AE71: 74.657583 | AF71: 46.25 | AG71: 91.25 | AH71: 44.113102 | AI71: 50 | AJ71: 55.951757 | AK71: 68
A72: 七台河市 | B72: 4 | C72: 93.75 | D72: 98.902914 | E72: 41.25 | F72: 51.25 | G72: 53.96955 | H72: 56.935955 | I72: 0 | J72: 55.929965 | K72: 69 | O72: 遂宁市 | P72: 3 | Q72: 57.816441 | R72: 2 | T72: 德州市 | U72: 德州市 | V72: 3 | AC72: 七台河市 | AD72: 4 | AE72: 98.902914 | AF72: 41.25 | AG72: 51.25 | AH72: 56.935955 | AI72: 0 | AJ72: 55.929965 | AK72: 69
A73: 郑州市 | B73: 1 | C73: 71.25 | D73: 68.85107 | E73: 46.25 | F73: 58.75 | G73: 53.762588 | H73: 51.952445 | I73: 62.5 | J73: 55.926192 | K73: 70 | O73: 鹤壁市 | P73: 3 | Q73: 57.626386 | R73: 2 | T73: 铜陵市 | U73: 铜陵市 | V73: 3 | AC73: 郑州市 | AD73: 1 | AE73: 68.85107 | AF73: 46.25 | AG73: 58.75 | AH73: 51.952445 | AI73: 62.5 | AJ73: 55.926192 | AK73: 70
A74: 梅州市 | B74: 3 | C74: 81.25 | D74: 85.715859 | E74: 45 | F74: 73.75 | G74: 47.130494 | H74: 49.720994 | I74: 25 | J74: 55.906569 | K74: 71 | O74: 宜春市 | P74: 3 | Q74: 57.399413 | R74: 2 | T74: 晋中市 | U74: 晋中市 | V74: 3 | AC74: 梅州市 | AD74: 3 | AE74: 85.715859 | AF74: 45 | AG74: 73.75 | AH74: 49.720994 | AI74: 25 | AJ74: 55.906569 | AK74: 71
A75: 汕尾市 | B75: 4 | C75: 81.25 | D75: 85.715859 | E75: 52.5 | F75: 66.25 | G75: 45.270652 | H75: 47.758927 | I75: 25 | J75: 55.871742 | K75: 72 | O75: 眉山市 | P75: 3 | Q75: 57.201222 | R75: 2 | T75: 威海市 | U75: 威海市 | V75: 3 | AC75: 汕尾市 | AD75: 4 | AE75: 85.715859 | AF75: 52.5 | AG75: 66.25 | AH75: 47.758927 | AI75: 25 | AJ75: 55.871742 | AK75: 72
A76: 淄博市 | B76: 2 | C76: 100 | D76: 105.49644 | E76: 40 | F76: 58.75 | G76: 45.679938 | H76: 48.190709 | I76: 12.5 | J76: 55.500572 | K76: 73 | O76: 安阳市 | P76: 3 | Q76: 57.180925 | R76: 2 | T76: 周口市 | U76: 周口市 | V76: 3 | AC76: 淄博市 | AD76: 2 | AE76: 105.49644 | AF76: 40 | AG76: 58.75 | AH76: 48.190709 | AI76: 12.5 | AJ76: 55.500572 | AK76: 73
A77: 马鞍山市 | B77: 3 | C77: 77.5 | D77: 81.759742 | E77: 46.25 | F77: 91.25 | G77: 42.938358 | H77: 45.29844 | I77: 25 | J77: 55.346324 | K77: 74 | O77: 嘉兴市 | P77: 3 | Q77: 56.905589 | R77: 2 | T77: 商丘市 | U77: 商丘市 | V77: 3 | AC77: 马鞍山市 | AD77: 3 | AE77: 81.759742 | AF77: 46.25 | AG77: 91.25 | AH77: 45.29844 | AI77: 25 | AJ77: 55.346324 | AK77: 74
A78: 芜湖市 | B78: 2 | C78: 51.25 | D78: 54.066926 | E78: 58.75 | F78: 82.5 | G78: 45.970185 | H78: 48.49691 | I78: 50 | J78: 55.212149 | K78: 75 | O78: 荆州市 | P78: 3 | Q78: 56.504622 | R78: 2 | T78: 衢州市 | U78: 衢州市 | V78: 3 | AC78: 芜湖市 | AD78: 2 | AE78: 54.066926 | AF78: 58.75 | AG78: 82.5 | AH78: 48.49691 | AI78: 50 | AJ78: 55.212149 | AK78: 75
... A109: 亳州市 | B109: 3 | C109: 60 | D109: 63.297865 | E109: 47.5 | F109: 66.25 | G109: 52.819441 | H109: 55.722631 | I109: 12.5 | J109: 52.323626 | K109: 106 | O109: 滁州市 | P109: 4 | Q109: 52.337456 | R109: 2 | T109: 蚌埠市 | U109: 蚌埠市 | V109: 3 | AC109: 亳州市 | AD109: 3 | AE109: 63.297865 | AF109: 47.5 | AG109: 66.25 | AH109: 55.722631 | AI109: 12.5 | AJ109: 52.323626 | AK109: 106
A110: 东营市 | B110: 3 | C110: 85 | D110: 89.671975 | E110: 41.25 | F110: 91.25 | G110: 37.067739 | H110: 39.105146 | I110: 12.5 | J110: 52.201453 | K110: 107 | T110: 漳州市 | U110: 漳州市 | V110: 3 | AC110: 东营市 | AD110: 3 | AE110: 89.671975 | AF110: 41.25 | AG110: 91.25 | AH110: 39.105146 | AI110: 12.5 | AJ110: 52.201453 | AK110: 107
A111: 濮阳市 | B111: 3 | C111: 75 | D111: 79.122331 | E111: 40 | F111: 25 | G111: 54.266838 | H111: 57.249584 | I111: 25 | J111: 51.7243 | K111: 108 | O111: 济南市 | P111: 1 | Q111: 51.390198 | R111: 3 | T111: 达州市 | U111: 达州市 | V111: 3 | AC111: 濮阳市 | AD111: 3 | AE111: 79.122331 | AF111: 40 | AG111: 25 | AH111: 57.249584 | AI111: 25 | AJ111: 51.7243 | AK111: 108
A112: 嘉峪关市 | B112: 4 | C112: 71.25 | D112: 75.166215 | E112: 46.25 | F112: 75 | G112: 41.230915 | H112: 43.497148 | I112: 25 | J112: 51.682102 | K112: 109 | O112: 沈阳市 | P112: 1 | Q112: 50.94307 | R112: 3 | T112: 三亚市 | U112: 三亚市 | V112: 3 | AC112: 嘉峪关市 | AD112: 4 | AE112: 75.166215 | AF112: 46.25 | AG112: 75 | AH112: 43.497148 | AI112: 25 | AJ112: 51.682102 | AK112: 109
A113: 日照市 | B113: 3 | C113: 85 | D113: 89.671975 | E113: 33.75 | F113: 33.75 | G113: 46.988116 | H113: 49.570791 | I113: 37.5 | J113: 51.637711 | K113: 110 | O113: 大连市 | P113: 1 | Q113: 48.6435 | R113: 3 | T113: 玉林市 | U113: 玉林市 | V113: 3 | AC113: 日照市 | AD113: 3 | AE113: 89.671975 | AF113: 33.75 | AG113: 33.75 | AH113: 49.570791 | AI113: 37.5 | AJ113: 51.637711 | AK113: 110
A114: 济南市 | B114: 1 | C114: 72.5 | D114: 71.625689 | E114: 46.25 | F114: 75 | G114: 41.918161 | H114: 41.41265 | I114: 37.5 | J114: 51.390198 | K114: 111 | O114: 哈尔滨市 | P114: 1 | Q114: 48.264183 | R114: 3 | T114: 抚州市 | U114: 抚州市 | V114: 3 | AC114: 济南市 | AD114: 1 | AE114: 71.625689 | AF114: 46.25 | AG114: 75 | AH114: 41.41265 | AI114: 37.5 | AJ114: 51.390198 | AK114: 111
A115: 衡水市 | B115: 3 | C115: 83.75 | D115: 88.35327 | E115: 21.25 | F115: 42.5 | G115: 53.785727 | H115: 56.742028 | I115: 25 | J115: 51.367465 | K115: 112 | O115: 佛山市 | P115: 1 | Q115: 39.388063 | R115: 3 | T115: 舟山市 | U115: 舟山市 | V115: 3 | AC115: 衡水市 | AD115: 3 | AE115: 88.35327 | AF115: 21.25 | AG115: 42.5 | AH115: 56.742028 | AI115: 25 | AJ115: 51.367465 | AK115: 112
A116: 内江市 | B116: 3 | C116: 68.75 | D116: 72.528804 | E116: 26.25 | F116: 50 | G116: 48.183132 | H116: 50.83149 | I116: 62.5 | J116: 51.338357 | K116: 113 | O116: 咸阳市 | P116: 2 | Q116: 50.957268 | R116: 3 | T116: 临汾市 | U116: 临汾市 | V116: 3 | AC116: 内江市 | AD116: 3 | AE116: 72.528804 | AF116: 26.25 | AG116: 50 | AH116: 50.83149 | AI116: 62.5 | AJ116: 51.338357 | AK116: 113
A117: 平凉市 | B117: 4 | C117: 81.25 | D117: 85.715859 | E117: 35 | F117: 41.25 | G117: 48.29655 | H117: 50.951142 | I117: 25 | J117: 51.148629 | K117: 114 | O117: 柳州市 | P117: 2 | Q117: 50.863192 | R117: 3 | T117: 潮州市 | U117: 潮州市 | V117: 3 | AC117: 平凉市 | AD117: 4 | AE117: 85.715859 | AF117: 35 | AG117: 41.25 | AH117: 50.951142 | AI117: 25 | AJ117: 51.148629 | AK117: 114
A118: 信阳市 | B118: 3 | C118: 90 | D118: 94.946798 | E118: 28.75 | F118: 42.5 | G118: 49.375056 | H118: 52.088927 | I118: 12.5 | J118: 51.07493 | K118: 115 | O118: 南通市 | P118: 2 | Q118: 50.837381 | R118: 3 | T118: 九江市 | U118: 九江市 | V118: 3 | AC118: 信阳市 | AD118: 3 | AE118: 94.946798 | AF118: 28.75 | AG118: 42.5 | AH118: 52.088927 | AI118: 12.5 | AJ118: 51.07493 | AK118: 115
A119: 咸阳市 | B119: 2 | C119: 75 | D119: 79.122331 | E119: 52.5 | F119: 57.5 | G119: 38.823114 | H119: 40.957004 | I119: 25 | J119: 50.957268 | K119: 116 | O119: 长春市 | P119: 2 | Q119: 50.710592 | R119: 3 | T119: 葫芦岛市 | U119: 葫芦岛市 | V119: 3 | AC119: 咸阳市 | AD119: 2 | AE119: 79.122331 | AF119: 52.5 | AG119: 57.5 | AH119: 40.957004 | AI119: 25 | AJ119: 50.957268 | AK119: 116
A120: 沈阳市 | B120: 1 | C120: 60 | D120: 58.132445 | E120: 50 | F120: 57.5 | G120: 51.133013 | H120: 49.541451 | I120: 37.5 | J120: 50.94307 | K120: 117 | O120: 赤峰市 | P120: 2 | Q120: 50.53965 | R120: 3 | T120: 黄石市 | U120: 黄石市 | V120: 3 | AC120: 沈阳市 | AD120: 1 | AE120: 58.132445 | AF120: 50 | AG120: 57.5 | AH120: 49.541451 | AI120: 37.5 | AJ120: 50.94307 | AK120: 117
A121: 柳州市 | B121: 2 | C121: 100 | D121: 105.49644 | E121: 33.75 | F121: 33.75 | G121: 37.652701 | H121: 39.72226 | I121: 37.5 | J121: 50.863192 | K121: 118 | O121: 洛阳市 | P121: 2 | Q121: 49.987288 | R121: 3 | T121: 景德镇市 | U121: 景德镇市 | V121: 3 | AC121: 柳州市 | AD121: 2 | AE121: 105.49644 | AF121: 33.75 | AG121: 33.75 | AH121: 39.72226 | AI121: 37.5 | AJ121: 50.863192 | AK121: 118
A122: 南通市 | B122: 2 | C122: 71.25 | D122: 75.166215 | E122: 33.75 | F122: 65 | G122: 47.523257 | H122: 50.135345 | I122: 25 | J122: 50.837381 | K122: 119 | O122: 苏州市 | P122: 2 | Q122: 48.742302 | R122: 3 | T122: 益阳市 | U122: 益阳市 | V122: 3 | AC122: 南通市 | AD122: 2 | AE122: 75.166215 | AF122: 33.75 | AG122: 65 | AH122: 50.135345 | AI122: 25 | AJ122: 50.837381 | AK122: 119
... A176: 南平市 | B176: 4 | C176: 70 | D176: 73.847509 | E176: 28.75 | F176: 35 | G176: 41.329463 | H176: 43.601113 | I176: 50 | J176: 46.459947 | K176: 173 | O176: 泰州市 | P176: 3 | Q176: 47.183882 | R176: 3 | T176: 佳木斯市 | U176: 孝感市 | V176: 3 | AC176: 南平市 | AD176: 4 | AE176: 73.847509 | AF176: 28.75 | AG176: 35 | AH176: 43.601113 | AI176: 50 | AJ176: 46.459947 | AK176: 173
A177: 朝阳市 | B177: 3 | C177: 56.25 | D177: 59.341748 | E177: 31.25 | F177: 57.5 | G177: 44.642142 | H177: 47.095871 | I177: 37.5 | J177: 46.456698 | K177: 174 | O177: 宝鸡市 | P177: 3 | Q177: 47.152847 | R177: 3 | T177: 孝感市 | AC177: 朝阳市 | AD177: 3 | AE177: 59.341748 | AF177: 31.25 | AG177: 57.5 | AH177: 47.095871 | AI177: 37.5 | AJ177: 46.456698 | AK177: 174
A178: 通辽市 | B178: 4 | C178: 57.5 | D178: 60.660454 | E178: 33.75 | F178: 67.5 | G178: 49.17017 | H178: 51.87278 | I178: 0 | J178: 46.381203 | K178: 175 | O178: 娄底市 | P178: 3 | Q178: 46.972825 | R178: 3 | AC178: 通辽市 | AD178: 4 | AE178: 60.660454 | AF178: 33.75 | AG178: 67.5 | AH178: 51.87278 | AI178: 0 | AJ178: 46.381203 | AK178: 175
A179: 厦门市 | B179: 2 | C179: 26.25 | D179: 27.692816 | E179: 47.5 | F179: 82.5 | G179: 45.66309 | H179: 48.172935 | I179: 37.5 | J179: 46.307737 | K179: 176 | O179: 毕节市 | P179: 3 | Q179: 46.968652 | R179: 3 | AC179: 厦门市 | AD179: 2 | AE179: 27.692816 | AF179: 47.5 | AG179: 82.5 | AH179: 48.172935 | AI179: 37.5 | AJ179: 46.307737 | AK179: 176
A180: 岳阳市 | B180: 2 | C180: 71.25 | D180: 75.166215 | E180: 28.75 | F180: 35 | G180: 46.210821 | H180: 48.750772 | I180: 25 | J180: 46.283552 | K180: 177 | O180: 阳泉市 | P180: 3 | Q180: 46.955357 | R180: 3 | AC180: 岳阳市 | AD180: 2 | AE180: 75.166215 | AF180: 28.75 | AG180: 35 | AH180: 48.750772 | AI180: 25 | AJ180: 46.283552 | AK180: 177
A181: 张家口市 | B181: 2 | C181: 63.75 | D181: 67.253982 | E181: 45 | F181: 33.75 | G181: 45.404654 | H181: 47.900294 | I181: 12.5 | J181: 46.235914 | K181: 178 | O181: 六盘水市 | P181: 3 | Q181: 46.810014 | R181: 3 | AC181: 张家口市 | AD181: 2 | AE181: 67.253982 | AF181: 45 | AG181: 33.75 | AH181: 47.900294 | AI181: 12.5 | AJ181: 46.235914 | AK181: 178
A182: 泰安市 | B182: 2 | C182: 81.25 | D182: 85.715859 | E182: 16.25 | F182: 41.25 | G182: 45.520133 | H182: 48.022121 | I182: 25 | J182: 46.22702 | K182: 179 | O182: 泸州市 | P182: 3 | Q182: 46.500847 | R182: 3 | AC182: 泰安市 | AD182: 2 | AE182: 85.715859 | AF182: 16.25 | AG182: 41.25 | AH182: 48.022121 | AI182: 25 | AJ182: 46.22702 | AK182: 179
A183: 临沧市 | B183: 4 | C183: 71.25 | D183: 75.166215 | E183: 22.5 | F183: 33.75 | G183: 55.198309 | H183: 58.232252 | I183: 0 | J183: 46.201144 | K183: 180 | O183: 朝阳市 | P183: 3 | Q183: 46.456698 | R183: 3 | AC183: 临沧市 | AD183: 4 | AE183: 75.166215 | AF183: 22.5 | AG183: 33.75 | AH183: 58.232252 | AI183: 0 | AJ183: 46.201144 | AK183: 180
A184: 三门峡市 | B184: 4 | C184: 70 | D184: 73.847509 | E184: 22.5 | F184: 25 | G184: 51.971208 | H184: 54.827775 | I184: 25 | J184: 46.200612 | K184: 181 | O184: 韶关市 | P184: 3 | Q184: 46.071173 | R184: 3 | AC184: 三门峡市 | AD184: 4 | AE184: 73.847509 | AF184: 22.5 | AG184: 25 | AH184: 54.827775 | AI184: 25 | AJ184: 46.200612 | AK184: 181
A185: 庆阳市 | B185: 4 | C185: 51.25 | D185: 54.066926 | E185: 28.75 | F185: 50 | G185: 52.445103 | H185: 55.327718 | I185: 25 | J185: 46.194472 | K185: 182 | O185: 阜新市 | P185: 3 | Q185: 45.609174 | R185: 3 | AC185: 庆阳市 | AD185: 4 | AE185: 54.066926 | AF185: 28.75 | AG185: 50 | AH185: 55.327718 | AI185: 25 | AJ185: 46.194472 | AK185: 182
A186: 广元市 | B186: 4 | C186: 48.75 | D186: 51.429515 | E186: 36.25 | F186: 33.75 | G186: 47.962531 | H186: 50.598763 | I186: 50 | J186: 46.150408 | K186: 183 | O186: 自贡市 | P186: 3 | Q186: 45.149788 | R186: 3 | AC186: 广元市 | AD186: 4 | AE186: 51.429515 | AF186: 36.25 | AG186: 33.75 | AH186: 50.598763 | AI186: 50 | AJ186: 46.150408 | AK186: 183
A187: 徐州市 | B187: 2 | C187: 66.25 | D187: 69.495406 | E187: 21.25 | F187: 48.75 | G187: 52.054005 | H187: 54.603989 | I187: 12.5 | J187: 46.115677 | K187: 184 | O187: 曲靖市 | P187: 3 | Q187: 45.092438 | R187: 3 | AC187: 徐州市 | AD187: 2 | AE187: 69.495406 | AF187: 21.25 | AG187: 48.75 | AH187: 54.603989 | AI187: 12.5 | AJ187: 46.115677 | AK187: 184
A188: 韶关市 | B188: 3 | C188: 71.25 | D188: 75.166215 | E188: 22.5 | F188: 58.75 | G188: 43.041571 | H188: 45.407326 | I188: 25 | J188: 46.071173 | K188: 185 | O188: 拉萨市 | P188: 3 | Q188: 44.988746 | R188: 3 | AC188: 韶关市 | AD188: 3 | AE188: 75.166215 | AF188: 22.5 | AG188: 58.75 | AH188: 45.407326 | AI188: 25 | AJ188: 46.071173 | AK188: 185
A189: 伊春市 | B189: 4 | C189: 82.5 | D189: 87.034564 | E189: 28.75 | F189: 50 | G189: 42.096059 | H189: 44.409844 | I189: 0 | J189: 45.920851 | K189: 186 | O189: 德阳市 | P189: 3 | Q189: 44.474545 | R189: 3 | AC189: 伊春市 | AD189: 4 | AE189: 87.034564 | AF189: 28.75 | AG189: 50 | AH189: 44.409844 | AI189: 0 | AJ189: 45.920851 | AK189: 186
... A268: 河源市 | B268: 3 | C268: 80 | D268: 84.397153 | E268: 16.25 | F268: 33.75 | G268: 36.906423 | H268: 38.934963 | I268: 0 | J268: 39.078416 | K268: 265 | O268: 普洱市 | P268: 4 | Q268: 39.29 | R268: 3 | AC268: 昌都市 | AD268: 4 | AE268: 54.066926 | AF268: 41.25 | AG268: 33.75 | AH268: 38.989896 | AI268: 12.5 | AJ268: 39.284344 | AK268: 265
A269: 梧州市 | B269: 3 | C269: 83.75 | D269: 88.35327 | E269: 10 | F269: 8.75 | G269: 43.729884 | H269: 46.133472 | I269: 0 | J269: 38.999043 | K269: 266 | AC269: 河源市 | AD269: 3 | AE269: 84.397153 | AF269: 16.25 | AG269: 33.75 | AH269: 38.934963 | AI269: 0 | AJ269: 39.078416 | AK269: 266
A270: 吐鲁番市 | B270: 4 | C270: 45 | D270: 47.473399 | E270: 22.5 | F270: 51.25 | G270: 46.465642 | H270: 49.019599 | I270: 0 | J270: 38.72752 | K270: 267 | O270: 乌鲁木齐市 | P270: 2 | Q270: 37.651841 | R270: 4 | AC270: 梧州市 | AD270: 3 | AE270: 88.35327 | AF270: 10 | AG270: 8.75 | AH270: 46.133472 | AI270: 0 | AJ270: 38.999043 | AK270: 267
A271: 吴忠市 | B271: 4 | C271: 43.75 | D271: 46.154693 | E271: 16.25 | F271: 17.5 | G271: 50.823584 | H271: 53.617073 | I271: 25 | J271: 38.177768 | K271: 268 | O271: 唐山市 | P271: 2 | Q271: 37.072963 | R271: 4 | AC271: 吐鲁番市 | AD271: 4 | AE271: 47.473399 | AF271: 22.5 | AG271: 51.25 | AH271: 49.019599 | AI271: 0 | AJ271: 38.72752 | AK271: 268
...
